T_sec,Sa_X_ft_s2,Sa_Y_ft_s2,Sa_SRSS_ft_s2,Sd_X_ft,Sd_Y_ft,Sd_SRSS_ft
5.000000000000000278e-02,1.304906097164136192e+01,9.823813380432726561e+00,1.633356365203818328e+01,8.263414394173356024e-04,6.221002497417996114e-04,1.034335001451233606e-03
1.000000000000000056e-01,1.670255206808187509e+01,1.021251799217537126e+01,1.957730240169701830e+01,4.230805863464580895e-03,2.586861027339698842e-03,4.958988629659809647e-03
1.499999999999999944e-01,1.860854089272000778e+01,1.142621126295104794e+01,2.183657706650981112e+01,1.060559656372820139e-02,6.512159529616563282e-03,1.244535657230194658e-02
2.000000000000000111e-01,1.861122042680243638e+01,1.304946471495277827e+01,2.273028937611278621e+01,1.885710882672077607e-02,1.322187210817937428e-02,2.303059824120603019e-02
2.500000000000000000e-01,1.796529809552167478e+01,1.233361899113794458e+01,2.179151424475851329e+01,2.844164480508894893e-02,1.952588866837050643e-02,3.449909400996557796e-02
2.999999999999999889e-01,1.657827040772682636e+01,1.292508132218507733e+01,2.102134098712088672e+01,3.779392456020652658e-02,2.946565211033843820e-02,4.792291088769623508e-02
3.499999999999999778e-01,1.747934515703125058e+01,1.482135294130424441e+01,2.291724263800817241e+01,5.423773068097823696e-02,4.599008383530983624e-02,7.111131584073772383e-02
3.999999999999999667e-01,1.701727517103357457e+01,1.571898830052729501e+01,2.316623075596869086e+01,6.896841850785949413e-02,6.370666001077938956e-02,9.388919682905107200e-02
4.499999999999999556e-01,1.742280740400298455e+01,1.564598377172472432e+01,2.341689616541984265e+01,8.936828559514471693e-02,8.025427324687282871e-02,1.201142741084467447e-01
4.999999999999999445e-01,1.791886893150594418e+01,1.559765583427497759e+01,2.375653028766998176e+01,1.134725631045059024e-01,9.877330944840974347e-02,1.504399854988605900e-01
5.499999999999999334e-01,1.777936079828391414e+01,1.548350187491831065e+01,2.357635469503616221e+01,1.362328322117768442e-01,1.186410094776903651e-01,1.806518023777442250e-01
5.999999999999999778e-01,1.685586764694780726e+01,1.482669984787802342e+01,2.244885971515007839e+01,1.537070815176604655e-01,1.352032900287003514e-01,2.047090533983819405e-01
6.500000000000000222e-01,1.545962131928257577e+01,1.374036542575275099e+01,2.068326698973926270e+01,1.654496406835707090e-01,1.470500781100146648e-01,2.213533579471612112e-01
6.999999999999999556e-01,1.387653153362269443e+01,1.265075365512518424e+01,1.877763817540130020e+01,1.722333584800173345e-01,1.570191934523520461e-01,2.330651344275529446e-01
7.500000000000000000e-01,1.229556068370674105e+01,1.162138674799721549e+01,1.691855320271920604e+01,1.751907321589723787e-01,1.655849054351892224e-01,2.410604769396620939e-01
7.999999999999999334e-01,1.128556024663534529e+01,1.067868314685572884e+01,1.553699275379172562e+01,1.829546115609610168e-01,1.731162905889450376e-01,2.518762393690563983e-01
8.499999999999999778e-01,1.107337170208081822e+01,1.024989570139793393e+01,1.508906633102194483e+01,2.026553124528054639e-01,1.875847638696293285e-01,2.761470972169883242e-01
9.000000000000000222e-01,1.061742212482303849e+01,9.897290526273605948e+00,1.451502712150917951e+01,2.178433798257765619e-01,2.030680511722629256e-01,2.978126450317688523e-01
9.499999999999999556e-01,1.001658451373923597e+01,9.589704887956559176e+00,1.386702582239531978e+01,2.289850523961191875e-01,2.192263314126737250e-01,3.170084204015926610e-01
1.000000000000000000e+00,9.391136972309997333e+00,9.319676544076287428e+00,1.323063961110321785e+01,2.378802784454422947e-01,2.360701646523853670e-01,3.351360164355444149e-01
1.049999999999999822e+00,8.954198158245274541e+00,9.070622727551089781e+00,1.274573894769108406e+01,2.500607691118751919e-01,2.533121174548111920e-01,3.559458064063441007e-01
1.099999999999999867e+00,8.412591197889813799e+00,8.813475956472357709e+00,1.218396688677909623e+01,2.578430435449656777e-01,2.701300243137019219e-01,3.734344187943208770e-01
1.149999999999999911e+00,7.984878198456358156e+00,8.515990694764724367e+00,1.167391868043901582e+01,2.674879607204158072e-01,2.852798662473052249e-01,3.910682948238671242e-01
1.199999999999999956e+00,7.560653319594369037e+00,8.136083276190220204e+00,1.110672452598854854e+01,2.757795636422418206e-01,2.967687315922400426e-01,4.051247311305152810e-01
1.250000000000000000e+00,7.141606062828662616e+00,7.644457438707050301e+00,1.046137021086791741e+01,2.826546794504280480e-01,3.025568265598719275e-01,4.140462547991524689e-01
1.300000000000000044e+00,6.733702874976869701e+00,7.055405391434826257e+00,9.753025153559246263e+00,2.882577000111283261e-01,3.020292057047592182e-01,4.175094522455191082e-01
1.349999999999999867e+00,6.340478538619617410e+00,6.421069004547116599e+00,9.023956740801214238e+00,2.927047951222545574e-01,2.964252108092464422e-01,4.165861287787523404e-01
1.399999999999999911e+00,6.076019877367321520e+00,5.809183757975684870e+00,8.406225876342563907e+00,3.016584676465222659e-01,2.884107534334307554e-01,4.173470903203796434e-01
1.449999999999999956e+00,5.926333763893405937e+00,5.441163976035549688e+00,8.045352527712504198e+00,3.156184440688068471e-01,2.897797823171121001e-01,4.284709143876249682e-01
1.500000000000000000e+00,5.812865674530902638e+00,5.383227488278938822e+00,7.922660256549032276e+00,3.312936171547803954e-01,3.068071767722200249e-01,4.515374895691812163e-01
1.549999999999999822e+00,5.743228374907362266e+00,5.311647450742685628e+00,7.822932366275598071e+00,3.495101123098705020e-01,3.232458080842829373e-01,4.760726531223142821e-01
1.599999999999999867e+00,5.718778041124553013e+00,5.229918795124514297e+00,7.749611144260402540e+00,3.708373504733116222e-01,3.391370001122078204e-01,5.025278552987619829e-01
1.649999999999999911e+00,5.728934480923669526e+00,5.141282514738924725e+00,7.697627958213904442e+00,3.950772363934152986e-01,3.545517398050874736e-01,5.308417456408953683e-01
1.699999999999999956e+00,5.758098308430803947e+00,5.048632387129143417e+00,7.657962203479656615e+00,4.215190253605373139e-01,3.695828881751530015e-01,5.605977167031497288e-01
1.750000000000000000e+00,5.794549028160258075e+00,4.955293992386145874e+00,7.624417157444312920e+00,4.495065272520471500e-01,3.844021309001900422e-01,5.914567746528923697e-01
1.799999999999999822e+00,5.826323324617665556e+00,4.898512482565673842e+00,7.611929323426195104e+00,4.781672801819101259e-01,4.020216970844595616e-01,6.247122479696026742e-01
1.849999999999999867e+00,5.844764989364338525e+00,4.824949295419907358e+00,7.579011379083169686e+00,5.066998474095764093e-01,4.182890289339247780e-01,6.570467617235273838e-01
1.899999999999999911e+00,5.846293587208603704e+00,4.725383686736893019e+00,7.517206907802631122e+00,5.345989310243676185e-01,4.321002751446992307e-01,6.873912021785857362e-01
1.949999999999999956e+00,5.830235347286722991e+00,4.673860974335376284e+00,7.472390555382311561e+00,5.615592329519004666e-01,4.501790454982330658e-01,7.197290775835217813e-01
1.999999999999999778e+00,5.795765168123803157e+00,4.622895442637454444e+00,7.413639872397046027e+00,5.872337869473364114e-01,4.683972381027958209e-01,7.511587669692985081e-01
2.049999999999999822e+00,5.739134119401245293e+00,4.571330700287004056e+00,7.337215058308021121e+00,6.109340900766404570e-01,4.866207521406763492e-01,7.810507146349270347e-01
2.099999999999999645e+00,5.661839632900672825e+00,4.524828742018346617e+00,7.247792986370413360e+00,6.324648832514513375e-01,5.054532568219863853e-01,8.096263480014870284e-01
2.149999999999999467e+00,5.561263982285509222e+00,4.497092067893260214e+00,7.152027275379656324e+00,6.511644670195025908e-01,5.265613300960201304e-01,8.374258160943467422e-01
2.199999999999999734e+00,5.438958371668282332e+00,4.467399952080141290e+00,7.038460804791494496e+00,6.668088569985871628e-01,5.476971236476643190e-01,8.629056675116273389e-01
2.249999999999999556e+00,5.297059452266504209e+00,4.432009817890818937e+00,6.906630862202390198e+00,6.792664221207111996e-01,5.683371083393112810e-01,8.856692051416048539e-01
2.299999999999999822e+00,5.138092569974671342e+00,4.390380858192100888e+00,6.758360698986739301e+00,6.884903535790644069e-01,5.882990289173276599e-01,9.056018520279736084e-01
2.349999999999999645e+00,4.964684155040433922e+00,4.343223533142148263e+00,6.596338334117596958e+00,6.944925837955719938e-01,6.075585957409324056e-01,9.227390726558312162e-01
2.399999999999999467e+00,4.778753716047254407e+00,4.291177672028096524e+00,6.422670230639893951e+00,6.972321352969839126e-01,6.260935693672197155e-01,9.370836718744902649e-01
2.449999999999999734e+00,4.583505494150252879e+00,4.233926465198564415e+00,6.239764092304641352e+00,6.968995567238793765e-01,6.437477778883745616e-01,9.487255628990712841e-01
2.499999999999999556e+00,4.381096260975177792e+00,4.171943548591872108e+00,6.049720441521907688e+00,6.935904043953519116e-01,6.604785288005363686e-01,9.577575560003840360e-01
2.549999999999999822e+00,4.173882048265030953e+00,4.107183120418556932e+00,5.855787268803418932e+00,6.874811521282380156e-01,6.764951551040354616e-01,9.645081800642245629e-01
2.599999999999999645e+00,3.964254861348665671e+00,4.039088140105829616e+00,5.659465487947612061e+00,6.788104612318378583e-01,6.916243731132146744e-01,9.690861240168634483e-01
2.649999999999999467e+00,3.754597904561158828e+00,3.967936920854735483e+00,5.462740048072689092e+00,6.678753958433862881e-01,7.058245673865810588e-01,9.717231417947265193e-01
2.699999999999999734e+00,3.547196701860733103e+00,3.895026977045347394e+00,5.268191301917829250e+00,6.550177419905134357e-01,7.192473352712724921e-01,9.728129170694523875e-01
2.749999999999999556e+00,3.344103819263529509e+00,3.820707148690834387e+00,5.077482985699722562e+00,6.405977409385595900e-01,7.318960476466827014e-01,9.726444829722837859e-01
2.799999999999999378e+00,3.148387252526874569e+00,3.744783173584316671e+00,4.892416918971026263e+00,6.252367130613224466e-01,7.436746927176869359e-01,9.715827272798094327e-01
2.849999999999999645e+00,2.961352511038572555e+00,3.667696631708496913e+00,4.713979982655877699e+00,6.092844452877940187e-01,7.546114484528906319e-01,9.698793602329232044e-01
2.899999999999999467e+00,2.782622226673214794e+00,3.590809244444563397e+00,4.542785212440088038e+00,5.927758594797057912e-01,7.649421526572428576e-01,9.677394879273040207e-01
2.949999999999999734e+00,2.611252385364081441e+00,3.513349424077669259e+00,4.377472238145720063e+00,5.756163813699236576e-01,7.744718562291413866e-01,9.649564107214466668e-01
2.999999999999999556e+00,2.567884898772506475e+00,3.435604568659905489e+00,4.289220396009127967e+00,5.854075591520587762e-01,7.832239232032010001e-01,9.778249967096284134e-01
3.049999999999999378e+00,2.524658430224851813e+00,3.358119168475414806e+00,4.201293198407774376e+00,5.948980853927245960e-01,7.912906712171394741e-01,9.899720492817969397e-01
3.099999999999999645e+00,2.478648681358698092e+00,3.281345125560716891e+00,4.112289522716304546e+00,6.033629327946511411e-01,7.987586273761374533e-01,1.001030555716644344e+00
3.149999999999999467e+00,2.430213243965096748e+00,3.204921569282574545e+00,4.022121166299697848e+00,6.108094593584243448e-01,8.055245422931115451e-01,1.010919375557842059e+00
3.199999999999999734e+00,2.380067134444306731e+00,3.129075073675662733e+00,3.931390387783982199e+00,6.173471211779179013e-01,8.116264708366165426e-01,1.019732806272978465e+00
3.249999999999999556e+00,2.328455191281927128e+00,3.054252255823911799e+00,3.840593758784338174e+00,6.229810982900375604e-01,8.171690105577914531e-01,1.027555663038582701e+00
3.299999999999999378e+00,2.275251131647925806e+00,2.980621251408642536e+00,3.749782761229507599e+00,6.276210225029659195e-01,8.221951992386200558e-01,1.034366034602211215e+00
3.349999999999999645e+00,2.221246658063600332e+00,2.908033350998907363e+00,3.659316150113385291e+00,6.314321123490859167e-01,8.266644476141085107e-01,1.040231042343366941e+00
3.399999999999999467e+00,2.166087852884538201e+00,2.836655890069039287e+00,3.569110985256317647e+00,6.342699910186234691e-01,8.306245305429540426e-01,1.045100728277646551e+00
3.449999999999999734e+00,2.110784073671456706e+00,2.766631457207034739e+00,3.479893536542833843e+00,6.363884107173912730e-01,8.341223614740853609e-01,1.049166489746270914e+00
3.499999999999999556e+00,2.054683910705580985e+00,2.698076971021463599e+00,3.391363341558780053e+00,6.375604553958930110e-01,8.372028288024611076e-01,1.052326903029406235e+00
3.549999999999999378e+00,1.999007452836912169e+00,2.631085862876959336e+00,3.304337091509961688e+00,6.381332625043348861e-01,8.399085272163244742e-01,1.054827187175757963e+00
3.599999999999999645e+00,1.943460521631451110e+00,2.565732157610255637e+00,3.218698541916494626e+00,6.380004541408862417e-01,8.422801819432278458e-01,1.056636401217700749e+00
3.649999999999999467e+00,1.887991689804451534e+00,2.502074642242701596e+00,3.134468078657782542e+00,6.371270890210037896e-01,8.443572828916819928e-01,1.057766585186260322e+00
3.699999999999999734e+00,1.833341028102402070e+00,2.440157323323261185e+00,3.052131564643260297e+00,6.357508785243621841e-01,8.461776277630814747e-01,1.058393007002245145e+00
3.749999999999999556e+00,1.779606675340948518e+00,2.380001620592339329e+00,2.971768435282302612e+00,6.339088644024037933e-01,8.477739185241722764e-01,1.058565569673308060e+00
3.799999999999999378e+00,1.726506871947836030e+00,2.321740860184807520e+00,2.893321033126948549e+00,6.315035085949091131e-01,8.492219307535816553e-01,1.058288509358634943e+00
3.849999999999999645e+00,1.674200351421764266e+00,2.265152636164845301e+00,2.816711430343070699e+00,6.285924364458328473e-01,8.504703832366256044e-01,1.057557716590239449e+00
3.899999999999999467e+00,1.623281530388489990e+00,2.209986304469641727e+00,2.742094526606218441e+00,6.254078449811968365e-01,8.514498232389411392e-01,1.056457180418425068e+00
3.949999999999999289e+00,1.573567273442579850e+00,2.156054604664106922e+00,2.669210636563329242e+00,6.218988721872672487e-01,8.521071514669503744e-01,1.054914595978705405e+00
3.999999999999999556e+00,1.524908193079454577e+00,2.103379121175713351e+00,2.597989361933332297e+00,6.180220122748354417e-01,8.524674488244138315e-01,1.052925428965148180e+00
4.049999999999999822e+00,1.477378825947500030e+00,2.051866953289225304e+00,2.528399926704322009e+00,6.138216185729081786e-01,8.525100483665729589e-01,1.050500053304825432e+00
4.099999999999999645e+00,1.431097278051202348e+00,2.001256670650056968e+00,2.460298291075070143e+00,6.093644756770961735e-01,8.521396417346350782e-01,1.047600607690189589e+00
4.149999999999999467e+00,1.386456122133016722e+00,1.951891054805056758e+00,2.394188645121373860e+00,6.048428992959513639e-01,8.515144661641571577e-01,1.044467241667043300e+00
4.199999999999999289e+00,1.343027964507288008e+00,1.903460828042710329e+00,2.329568036641477935e+00,6.001003771562936073e-01,8.505165871432328606e-01,1.040912545639112841e+00
4.249999999999999112e+00,1.300836700064055051e+00,1.856097371483053537e+00,2.266555442220604899e+00,5.951698249504704386e-01,8.492173903320844319e-01,1.037013643388557060e+00
4.299999999999999822e+00,1.259896401440763425e+00,1.809825484369235626e+00,2.205177368429969142e+00,5.900815148190861059e-01,8.476447445627508515e-01,1.032810634683841045e+00
4.349999999999999645e+00,1.220212681401924737e+00,1.764488132227661765e+00,2.145305888824793783e+00,5.848632205886442614e-01,8.457412608754780736e-01,1.028271981114220912e+00
4.399999999999999467e+00,1.182023948453203799e+00,1.720406280000663868e+00,2.087337630327835925e+00,5.796580772662023318e-01,8.436778270752315345e-01,1.023618953731482595e+00
4.449999999999999289e+00,1.145126426554072374e+00,1.677328561452576805e+00,2.030946980070398311e+00,5.743990625230659397e-01,8.413533483292020554e-01,1.018729473301001942e+00
4.499999999999999112e+00,1.109433194541448398e+00,1.635394895360955392e+00,1.976197985254289691e+00,5.690709899928875215e-01,8.388569917605834814e-01,1.013668014823936758e+00
4.549999999999999822e+00,1.074929520679281492e+00,1.594722521264578141e+00,1.923177941391862600e+00,5.636935255329628136e-01,8.362732095127319853e-01,1.008515379990065686e+00
4.599999999999999645e+00,1.041596847533281300e+00,1.555470652398610820e+00,1.872007730556855654e+00,5.582845167373563511e-01,8.337152551200974759e-01,1.003375666561947543e+00
4.649999999999999467e+00,1.009413464195715315e+00,1.517582365599144723e+00,1.822627712418828150e+00,5.528601183640856620e-01,8.311864226428787861e-01,9.982610779066852791e-01
4.699999999999999289e+00,9.784056539232541816e-01,1.480792248953998413e+00,1.774830501256734472e+00,5.474632015843295951e-01,8.285717301846305949e-01,9.930997276961245346e-01
4.749999999999999112e+00,9.486219573770930946e-01,1.444913083696235168e+00,1.728484144403561240e+00,5.421514896523681459e-01,8.257892141882093862e-01,9.878542726545561647e-01
4.799999999999999822e+00,9.198907663673860924e-01,1.409904901224617202e+00,1.683458004390122609e+00,5.368574665152042735e-01,8.228346244716183699e-01,9.824829558737764312e-01
4.849999999999999645e+00,8.921845732616150437e-01,1.375754512741728330e+00,1.639723693826261819e+00,5.315920165510878981e-01,8.197184053900740119e-01,9.769996602845355538e-01
4.899999999999999467e+00,8.654748699433925108e-01,1.342350476131723536e+00,1.597169856738661631e+00,5.263648567577656756e-01,8.163912559748928155e-01,9.713674100266521672e-01
4.949999999999999289e+00,8.397324512985945288e-01,1.309762223356576882e+00,1.555836646790372368e+00,5.211846278679816979e-01,8.129112265698387185e-01,9.656386894740528470e-01
4.999999999999999112e+00,8.149276766737303390e-01,1.277921679234316654e+00,1.515648685040797750e+00,5.160589798967666342e-01,8.092533571389051161e-01,9.597957422142899819e-01
5.049999999999999822e+00,7.910306940948648169e-01,1.246814600362924574e+00,1.476575838444596389e+00,5.109946522762265353e-01,8.054246161640959967e-01,9.538471297739398169e-01
5.099999999999999645e+00,7.680116315605319821e-01,1.216490919953741034e+00,1.438642424142347220e+00,5.059975487640767655e-01,8.014740900989008043e-01,9.478366085223313142e-01
5.149999999999999467e+00,7.458933202580614319e-01,1.186862055539632310e+00,1.401784000509834760e+00,5.011081189931200219e-01,7.973609576634966833e-01,9.417504147739311771e-01
5.199999999999999289e+00,7.246234713321750842e-01,1.158002964610214569e+00,1.366034421693515410e+00,4.963172247982741703e-01,7.931523618009473919e-01,9.356395976346243426e-01
5.249999999999999112e+00,7.041347531766891654e-01,1.137945692895917071e+00,1.338180163734153494e+00,4.916031419732070917e-01,7.944753124294887670e-01,9.342722682697282011e-01
5.299999999999999822e+00,6.843993522095930260e-01,1.120427562803365751e+00,1.312920559970937706e+00,4.869693105795996901e-01,7.972155964952540863e-01,9.341797561185183341e-01
5.349999999999999645e+00,6.653899553904371045e-01,1.101271732237225409e+00,1.286679144526430507e+00,4.824186265272364937e-01,7.984400608924314691e-01,9.328634745011378238e-01
5.399999999999999467e+00,6.470798177881588176e-01,1.080852432161426568e+00,1.259743732152705631e+00,4.779534903298671700e-01,7.983515762381628855e-01,9.304863127421389990e-01
5.449999999999999289e+00,6.294428166659702395e-01,1.060487553199930932e+00,1.233220219565170250e+00,4.735758522387534253e-01,7.978823230605935901e-01,9.278417371924110313e-01
5.499999999999999112e+00,6.124534938114460925e-01,1.041785810559539005e+00,1.208477123145093923e+00,4.692872539488854855e-01,7.982594714218657073e-01,9.259852646957197342e-01
5.549999999999998934e+00,5.960870876976832600e-01,1.022678107528167679e+00,1.183718855023142780e+00,4.650888671075127379e-01,7.979307256646338553e-01,9.235805851505535236e-01
5.599999999999999645e+00,5.803195568861135856e-01,1.003073266386392159e+00,1.158847171046968327e+00,4.609815288528643640e-01,7.967993537412011440e-01,9.205396135234593658e-01
5.649999999999999467e+00,5.651275958181741776e-01,9.831661851012524211e-01,1.134012763191746265e+00,4.569657745226967660e-01,7.949944412268081795e-01,9.169699453453493687e-01
5.699999999999999289e+00,5.504886441664524899e-01,9.668317404769668499e-01,1.112565216852450467e+00,4.530418677924400450e-01,7.956844563250555780e-01,9.156203842259967862e-01
5.749999999999999112e+00,5.363808906200718818e-01,9.524548172256431799e-01,1.093103215016182572e+00,4.492098283637568912e-01,7.976646305865878750e-01,9.154552598502199157e-01
5.799999999999998934e+00,5.227832719844001108e-01,9.371504610603437202e-01,1.073104531782589355e+00,4.454694574083969405e-01,7.985563612506670905e-01,9.144043414035376571e-01
5.849999999999999645e+00,5.096754683138480235e-01,9.209438189382009865e-01,1.052571423059460720e+00,4.418203609165291534e-01,7.983349322525502556e-01,9.124384337450368587e-01
5.899999999999999467e+00,4.970378947197640618e-01,9.039242590880836037e-01,1.031564702263215283e+00,4.382619711000090845e-01,7.970330466179366136e-01,9.095797011331855364e-01
5.949999999999999289e+00,4.848714667146641344e-01,8.862079495093352355e-01,1.010180612072697715e+00,4.348113005033726330e-01,7.947121195921827974e-01,9.058853239081280373e-01
5.999999999999999112e+00,4.731388729586492037e-01,8.908694161253526422e-01,1.008716367316456086e+00,4.314509157183480936e-01,8.123754934132115801e-01,9.198390266631222278e-01
6.049999999999998934e+00,4.638071860105443256e-01,8.974967228879976444e-01,1.010256142465718820e+00,4.300198325091215690e-01,8.321160216888233707e-01,9.366611606671898516e-01
6.099999999999999645e+00,4.557070810475442602e-01,9.031152834149802633e-01,1.011576076651970357e+00,4.295222938192818640e-01,8.512225599478503435e-01,9.534512297186201746e-01
6.149999999999999467e+00,4.477783378760758493e-01,9.078512718365315814e-01,1.012274355916551460e+00,4.289963279188918621e-01,8.697715565288319794e-01,9.698146265727696225e-01
6.199999999999999289e+00,4.400178382626458440e-01,9.115970748134458734e-01,1.012237583177864053e+00,4.284438619684996508e-01,8.876189493461641433e-01,9.856122676270172578e-01
6.249999999999999112e+00,4.324224274275547675e-01,9.143818608308038609e-01,1.011475824307601856e+00,4.278667205122339001e-01,9.047485589888711877e-01,1.000819606879447932e+00
6.299999999999998934e+00,4.249889260772947708e-01,9.163569669129937312e-01,1.010111715652439068e+00,4.272666307209344594e-01,9.212681313944646178e-01,1.015525353524306507e+00
6.349999999999999645e+00,4.177141411156606865e-01,9.174879681655850883e-01,1.008101817981005066e+00,4.266452273729722244e-01,9.371046470786972282e-01,1.029655898646059775e+00
6.399999999999999467e+00,4.105948751718096479e-01,9.177538213044591497e-01,1.005415450466269123e+00,4.260040575988292555e-01,9.521961315005064153e-01,1.043147606973814812e+00
6.449999999999999289e+00,4.036279350374362140e-01,9.173152993150855972e-01,1.002189038205921534e+00,4.253445853802794163e-01,9.666701974281673992e-01,1.056110452040000425e+00
6.499999999999999112e+00,3.968101391335640549e-01,9.161276848796513494e-01,9.983727868497559443e-01,4.246681958332244045e-01,9.804444310324392786e-01,1.068463550569119569e+00
6.549999999999998934e+00,3.901383240886074910e-01,9.142190295549831314e-01,9.939840772985865103e-01,4.239761992730942120e-01,9.935120072075404041e-01,1.080195318456627307e+00
6.599999999999999645e+00,3.836093505133593151e-01,9.117127059943210821e-01,9.891290067896950644e-01,4.232698350735709658e-01,1.005972576487695003e+00,1.091392769780201277e+00
6.649999999999999467e+00,3.772201080556421560e-01,9.085386215942139465e-01,9.837364671749363465e-01,4.225502753344753670e-01,1.017716809120928101e+00,1.101951105427334543e+00
6.699999999999999289e+00,3.709675197993632656e-01,9.048452705030837206e-01,9.779375564410489607e-01,4.218186283625351973e-01,1.028878730651052065e+00,1.111990286657114080e+00
6.749999999999999112e+00,3.648487380322231188e-01,9.005803348904763972e-01,9.716787232594673585e-01,4.210761635177178719e-01,1.039370217916696149e+00,1.121425693202630525e+00
6.799999999999998934e+00,3.588878278326131932e-01,8.958271412038134596e-01,9.650423513420581800e-01,4.203555807451704318e-01,1.049258038262715242e+00,1.130327936982241877e+00
6.849999999999999645e+00,3.530530482401191272e-01,8.906098762927026069e-01,9.580357021644563265e-01,4.196250169413705544e-01,1.058543995839686502e+00,1.138683690043593932e+00
6.899999999999999467e+00,3.473415692687272793e-01,8.849186256304666376e-01,9.506456436179445690e-01,4.188853838726007695e-01,1.067190083161192904e+00,1.146455249200634796e+00
6.949999999999999289e+00,3.417506041827800822e-01,8.788560682575555782e-01,9.429641902916697793e-01,4.181375435047003375e-01,1.075295004537493160e+00,1.153732357209171999e+00
6.999999999999999112e+00,3.362774113727568515e-01,8.723425296144470265e-01,9.349138924915464388e-01,4.173823105677459400e-01,1.082738026115563912e+00,1.160400631838632624e+00
7.049999999999998934e+00,3.309192959128006706e-01,8.655263426338953847e-01,9.266301474701926777e-01,4.166204550024967812e-01,1.089679517448869817e+00,1.166607926543484997e+00
7.099999999999999645e+00,3.256736108018989939e-01,8.583014946241729337e-01,9.180113051846562344e-01,4.158527042561016018e-01,1.095965364610484327e+00,1.172208834663390764e+00
7.149999999999999467e+00,3.205377579624485995e-01,8.508289168839888728e-01,9.092053123940569970e-01,4.150797454867236613e-01,1.101779249090287349e+00,1.177373648779044490e+00
7.199999999999999289e+00,3.155091889882912781e-01,8.430260184050391015e-01,9.001327213494144663e-01,4.143022276391271075e-01,1.106996466578071603e+00,1.181984565399683440e+00
7.249999999999999112e+00,3.105854056831403032e-01,8.349869992284562059e-01,8.908796681392514571e-01,4.135207634162663681e-01,1.111721462263002724e+00,1.186138285122169345e+00
7.299999999999998934e+00,3.057639604113293608e-01,8.281938630934517764e-01,8.828344546697733941e-01,4.127359311514367524e-01,1.117938702775632454e+00,1.191695385586059697e+00
7.349999999999999645e+00,3.010424562790258718e-01,8.212841541092003039e-01,8.747195106280492016e-01,4.119482765828648141e-01,1.123850090953675274e+00,1.196971348661352241e+00
7.399999999999999467e+00,2.964185471654362525e-01,8.141190666314367386e-01,8.664027987930957853e-01,4.111583145365911296e-01,1.129253977084857308e+00,1.201776062490236940e+00
7.449999999999999289e+00,2.918899376225684295e-01,8.067596163267118925e-01,8.579398663198547492e-01,4.103665305244771910e-01,1.134219108119243424e+00,1.206173152825708028e+00
7.499999999999999112e+00,2.874543826558487725e-01,7.991314063443748505e-01,8.492591045811599404e-01,4.095733822575199357e-01,1.138625718420628763e+00,1.210049123838680130e+00
7.549999999999998934e+00,2.831096874006738262e-01,7.913497152716877370e-01,8.404674098147342232e-01,4.087793010800837568e-01,1.142622092831691250e+00,1.213542650267635192e+00
7.599999999999998757e+00,2.788537067133078917e-01,7.833246708855268192e-01,8.314787608626394988e-01,4.079846933374272622e-01,1.146065008070488389e+00,1.216518192515526176e+00
7.649999999999999467e+00,2.746843446753770013e-01,7.751827709904528518e-01,8.224109785564502895e-01,4.071899416629719548e-01,1.149124926179450945e+00,1.219135654699026183e+00
7.699999999999999289e+00,2.705995540337712835e-01,7.668322921675081449e-01,8.131764156406348087e-01,4.063954062052238525e-01,1.151654229362863324e+00,1.221255374683804407e+00
7.749999999999999112e+00,2.665973355811000478e-01,7.583980947754214164e-01,8.038916652745758951e-01,4.056014257920114163e-01,1.153827542531010941e+00,1.223041501547541321e+00
7.799999999999998934e+00,2.626757374836035108e-01,7.498060043994687618e-01,7.944857376290975770e-01,4.048083190329925252e-01,1.155522436710547218e+00,1.224378159270981703e+00
7.849999999999998757e+00,2.588328545634281386e-01,7.411410726275292626e-01,7.850379201904436055e-01,4.040163853622737444e-01,1.156859076918751006e+00,1.225378375641785977e+00
7.899999999999999467e+00,2.550668275500991844e-01,7.323946925809913244e-01,7.755392138617343001e-01,4.032259060364329351e-01,1.157816233215349433e+00,1.226021843686270874e+00
7.949999999999999289e+00,2.513758422938961457e-01,7.235963208575862948e-01,7.660166118613882524e-01,4.024371450700287567e-01,1.158432866467114852e+00,1.226345123463754794e+00
7.999999999999999112e+00,2.477581289615768401e-01,7.147819848037217927e-01,7.565033881394646054e-01,4.016503501343668403e-01,1.158760907944521135e+00,1.226397099451670414e+00
8.049999999999998934e+00,2.442119612058954448e-01,7.059678903655772775e-01,7.470141526258077258e-01,4.008657534008731038e-01,1.158822642637171274e+00,1.226198707118159925e+00
8.099999999999999645e+00,2.407356553227464058e-01,6.971459613045635217e-01,7.375406070901697753e-01,4.000835723461736437e-01,1.158601314256929360e+00,1.225734012850732579e+00
8.150000000000000355e+00,2.373275693968216193e-01,6.882854974286705119e-01,7.280530895246826173e-01,3.993040105163801479e-01,1.158041436997965912e+00,1.224950473537105511e+00
8.199999999999999289e+00,2.339861024368178888e-01,6.794194017210625214e-01,7.185820896519614642e-01,3.985272582484430393e-01,1.157193305708429598e+00,1.223895552056393443e+00
8.250000000000000000e+00,2.307096935086732081e-01,6.704936676924453387e-01,7.090759628520298952e-01,3.977534933593915856e-01,1.155960092287996011e+00,1.222477638422098778e+00
8.300000000000000711e+00,2.274968208643543821e-01,6.615907571145068777e-01,6.996121306858068545e-01,3.969828817965477263e-01,1.154478573948410247e+00,1.220826026158291944e+00
8.349999999999999645e+00,2.243503495028032757e-01,6.526439968663354518e-01,6.901284416452456716e-01,3.962232579829310652e-01,1.152629052348100425e+00,1.218830013776937005e+00
8.400000000000000355e+00,2.212682255935846110e-01,6.436716639220541047e-01,6.806414905025399698e-01,3.954739562854231449e-01,1.150438020629458657e+00,1.216514401645073740e+00
8.449999999999999289e+00,2.182449241690531672e-01,6.347419993622667178e-01,6.712140140670214139e-01,3.947279081484972307e-01,1.148023866196242970e+00,1.213988846253316156e+00
8.500000000000000000e+00,2.152790881833994696e-01,6.257966533767285178e-01,6.617904027610170825e-01,3.939852472590960053e-01,1.145279141114261767e+00,1.211151801439122710e+00
8.550000000000000711e+00,2.123693946893083218e-01,6.168450231547789597e-01,6.523791400646735683e-01,3.932460979277350721e-01,1.142216837490342973e+00,1.208015644510380682e+00
8.599999999999999645e+00,2.095145540417579222e-01,6.079114651013755033e-01,6.430028753878302972e-01,3.925105755813798059e-01,1.138878776993714537e+00,1.204620031640651678e+00
8.650000000000000355e+00,2.067133091030747827e-01,5.990365019792787127e-01,6.336995525198938495e-01,3.917787872191124676e-01,1.135339544723733329e+00,1.201035594779926940e+00
8.699999999999999289e+00,2.039644344646021901e-01,5.901773476181927380e-01,6.244283723279316911e-01,3.910508318581077392e-01,1.131517577246826889e+00,1.197185357710094600e+00
8.750000000000000000e+00,2.012667356702048105e-01,5.813414206517666383e-01,6.151960226242968455e-01,3.903268009417184548e-01,1.127424937967579810e+00,1.193080886731740842e+00
8.800000000000000711e+00,1.986190484606304152e-01,5.725356700258985576e-01,6.060087622001936181e-01,3.896067787451931164e-01,1.123073440560390601e+00,1.188733525621431752e+00
8.849999999999999645e+00,1.960202380204405515e-01,5.637912931890742829e-01,5.968957664361499438e-01,3.888908427439450310e-01,1.118523645079618989e+00,1.184200672256308540e+00
8.900000000000000355e+00,1.934691982446170577e-01,5.551180459255330435e-01,5.878659503505856421e-01,3.881790639770894558e-01,1.113795919036739246e+00,1.179501731653253671e+00
8.949999999999999289e+00,1.909648510104034747e-01,5.464906954675986528e-01,5.788952017024198149e-01,3.874715073780582442e-01,1.108840566316457998e+00,1.174589958470115603e+00
9.000000000000000000e+00,1.885061454740162568e-01,5.379145855575010460e-01,5.699883053510563791e-01,3.867682321114613297e-01,1.103668385770062432e+00,1.169475767649300391e+00
9.050000000000000711e+00,1.860920573655077959e-01,5.293946804998876932e-01,5.611496962095815499e-01,3.860692918628084724e-01,1.098289912583941597e+00,1.164169330554233550e+00
9.099999999999999645e+00,1.837215883104951486e-01,5.209355823113993589e-01,5.523834745260287615e-01,3.853747351391525466e-01,1.092715417409373169e+00,1.158680572861956914e+00
9.150000000000000355e+00,1.813937651604603241e-01,5.125724122199151189e-01,5.437225172898679793e-01,3.846846055443318146e-01,1.087020361660727685e+00,1.153080878519723518e+00
9.199999999999999289e+00,1.791076393364265662e-01,5.042899757320215004e-01,5.351522457137504185e-01,3.839989420386974994e-01,1.081175643201239822e+00,1.147342999690351473e+00
9.250000000000000000e+00,1.768622861897769238e-01,4.960780730415547124e-01,5.266628170175835510e-01,3.833177791919022415e-01,1.075161637682587434e+00,1.141448670325965864e+00
9.300000000000000711e+00,1.746568043743149667e-01,4.879400929203045467e-01,5.182572079511515994e-01,3.826411474168906479e-01,1.068987593667358738e+00,1.135406853560099405e+00
9.349999999999999645e+00,1.724903152348892243e-01,4.798791381413046730e-01,5.099381296520910656e-01,3.819690731970395992e-01,1.062662500168895408e+00,1.129226267027212183e+00
9.400000000000000355e+00,1.703619622082090390e-01,4.718980396495480178e-01,5.017080405898610707e-01,3.813015792977441087e-01,1.056195088701624485e+00,1.122915384066130784e+00
9.449999999999999289e+00,1.682709102414078062e-01,4.639993702677786547e-01,4.935691591280466639e-01,3.806386849754259116e-01,1.049593835766222893e+00,1.116482435409654972e+00
9.500000000000000000e+00,1.662163452176313450e-01,4.562151696373880627e-01,4.855513921561522839e-01,3.799804061608459960e-01,1.042934888434579932e+00,1.109999229990819014e+00
9.550000000000000711e+00,1.641974734050514473e-01,4.485206789708613973e-01,4.776312487024745312e-01,3.793267556542417318e-01,1.036166333559554120e+00,1.103417173310902388e+00
9.599999999999999645e+00,1.622135209094026087e-01,4.409132797731860620e-01,4.698060734453877174e-01,3.786777432882841854e-01,1.029285628191231705e+00,1.096734123506206027e+00
9.650000000000000355e+00,1.602637331495128103e-01,4.333947011543063943e-01,4.620772999744185983e-01,3.780333761039159080e-01,1.022300297410788206e+00,1.089957398954064960e+00
9.699999999999999289e+00,1.583473743386203669e-01,4.259664733849786722e-01,4.544461765797693786e-01,3.773936585005454036e-01,1.015217628083677104e+00,1.083094089102268898e+00
9.750000000000000000e+00,1.564637269837796940e-01,4.186299387932038707e-01,4.469137763771177108e-01,3.767585923898291722e-01,1.008044672797028696e+00,1.076151057841804093e+00
9.800000000000000711e+00,1.546120913956390563e-01,4.113862621704069134e-01,4.394810069937860608e-01,3.761281773360193315e-01,1.000788253845438458e+00,1.069134946964656052e+00
9.849999999999999645e+00,1.527917852118288455e-01,4.042364407723293973e-01,4.321486198942426360e-01,3.755024106913150139e-01,9.934549674175495726e-01,1.062052179848802735e+00
9.900000000000000355e+00,1.510021429329113651e-01,3.971989310951979379e-01,4.249336866306308580e-01,3.748812877246914810e-01,9.860949247455021993e-01,1.054949847383732431e+00
9.949999999999999289e+00,1.492425154701137735e-01,3.902628178749715238e-01,4.178257955650421240e-01,3.742648017431960961e-01,9.786865069891328428e-01,1.047807912160651611e+00
1.000000000000000000e+01,1.475122697058628973e-01,3.834214067592337516e-01,4.108185060035696723e-01,3.736529442091448550e-01,9.712177691663954615e-01,1.040615432261463358e+00
