T_sec,Sa_5pct_ft_s2,Sa_20pct_ft_s2,Sd_5pct_in,Sd_20pct_in
5.000000000000000278e-02,1.642578091267673202e+01,1.633356365203818328e+01,1.248209673241594542e-02,1.241202001741480328e-02
1.000000000000000056e-01,2.938790094131706709e+01,1.957730240169701830e+01,8.932850724414054255e-02,5.950786355591771576e-02
1.499999999999999944e-01,3.441420503165492306e+01,2.183657706650981112e+01,2.353649391844226668e-01,1.493442788676233590e-01
2.000000000000000111e-01,3.708187130332704839e+01,2.273028937611278621e+01,4.508614910551122512e-01,2.763671788944723762e-01
2.500000000000000000e-01,4.483169226814345620e+01,2.179151424475851329e+01,8.517000234932510239e-01,4.139891281195869355e-01
2.999999999999999889e-01,3.591999513568924129e+01,2.102134098712088672e+01,9.826532343652631951e-01,5.750749306523548210e-01
3.499999999999999778e-01,3.355014455285049024e+01,2.291724263800817241e+01,1.249257581368881098e+00,8.533357900888527414e-01
3.999999999999999667e-01,3.839728798911920649e+01,2.316623075596869086e+01,1.867420160502372806e+00,1.126670361948612920e+00
4.499999999999999556e-01,4.370407511020039948e+01,2.341689616541984265e+01,2.690100286746675895e+00,1.441371289301360825e+00
4.999999999999999445e-01,4.143521771452807911e+01,2.375653028766998176e+01,3.148698977485459238e+00,1.805279825986326969e+00
5.499999999999999334e-01,4.225645825948941336e+01,2.357635469503616221e+01,3.885437988401440279e+00,2.167821628532930589e+00
5.999999999999999778e-01,3.607478992770477078e+01,2.244885971515007839e+01,3.947551648333630148e+00,2.456508640780583175e+00
6.500000000000000222e-01,3.060763796182544638e+01,2.068326698973926270e+01,3.930773670354177796e+00,2.656240295365934756e+00
6.999999999999999556e-01,3.230232588132653149e+01,1.877763817540130020e+01,4.811177542263893159e+00,2.796781613130635336e+00
7.500000000000000000e-01,2.828843038419777400e+01,1.691855320271920604e+01,4.836741609224460170e+00,2.892725723275945349e+00
7.999999999999999334e-01,3.073984092257144951e+01,1.553699275379172562e+01,5.980026369124052721e+00,3.022514872428677002e+00
8.499999999999999778e-01,3.024327020397904064e+01,1.508906633102194483e+01,6.641835427556674887e+00,3.313765166603859669e+00
9.000000000000000222e-01,2.762894353717391027e+01,1.451502712150917951e+01,6.802535346596283006e+00,3.573751740381226227e+00
9.499999999999999556e-01,2.646237452855558914e+01,1.386702582239531978e+01,7.259346588213427154e+00,3.804101044819112154e+00
1.000000000000000000e+00,2.510674785146683519e+01,1.323063961110321785e+01,7.631536229161023144e+00,4.021632197226533201e+00
1.049999999999999822e+00,2.444494985554119637e+01,1.274573894769108406e+01,8.191987070756198364e+00,4.271349676876129209e+00
1.099999999999999867e+00,2.116481500532248461e+01,1.218396688677909623e+01,7.784332111714697966e+00,4.481213025531850747e+00
1.149999999999999911e+00,1.938182211934444155e+01,1.167391868043901582e+01,7.791333485464880582e+00,4.692819537886405712e+00
1.199999999999999956e+00,2.192243238859751386e+01,1.110672452598854854e+01,9.595613367065469745e+00,4.861496773566183371e+00
1.250000000000000000e+00,2.127493118168850117e+01,1.046137021086791741e+01,1.010438066830293380e+01,4.968555057589830071e+00
1.300000000000000044e+00,1.827392272068849621e+01,9.753025153559246263e+00,9.387284882833254684e+00,5.010113426946229076e+00
1.349999999999999867e+00,1.546555836960811270e+01,9.023956740801214238e+00,8.567510606250769101e+00,4.999033545345028529e+00
1.399999999999999911e+00,1.320667962556244035e+01,8.406225876342563907e+00,7.868124500485142114e+00,5.008165083844556165e+00
1.449999999999999956e+00,1.163605546913667155e+01,8.045352527712504198e+00,7.436409494131157594e+00,5.141650972651499174e+00
1.500000000000000000e+00,1.141428187008302331e+01,7.922660256549032276e+00,7.806432709152600680e+00,5.418449874830174373e+00
1.549999999999999822e+00,1.128789721789408240e+01,7.822932366275598071e+00,8.243240143342699611e+00,5.712871837467771385e+00
1.599999999999999867e+00,1.140355463298081062e+01,7.749611144260402540e+00,8.873638296143463222e+00,6.030334263585143795e+00
1.649999999999999911e+00,1.157406144694324013e+01,7.697627958213904442e+00,9.578007691724202743e+00,6.370100947690744420e+00
1.699999999999999956e+00,1.181286069296820784e+01,7.657962203479656615e+00,1.037706254940978390e+01,6.727172600437796746e+00
1.750000000000000000e+00,1.212765254367465317e+01,7.624417157444312920e+00,1.128949076547714370e+01,7.097481295834707993e+00
1.799999999999999822e+00,1.220254745722043843e+01,7.611929323426195104e+00,1.201758008366487296e+01,7.496546975635231647e+00
1.849999999999999867e+00,1.227244175208195998e+01,7.579011379083169686e+00,1.276720834683034056e+01,7.884561140682328606e+00
1.899999999999999911e+00,1.299887958024801904e+01,7.517206907802631122e+00,1.426377999897824367e+01,8.248694426143028835e+00
1.949999999999999956e+00,1.337463945116104291e+01,7.472390555382311561e+00,1.545869452703490055e+01,8.636748931002260932e+00
1.999999999999999778e+00,1.385840374027834443e+01,7.413639872397046027e+00,1.684979844430083062e+01,9.013905203631582097e+00
2.049999999999999822e+00,1.397783485364576883e+01,7.337215058308021121e+00,1.785538160961021958e+01,9.372608575619125304e+00
2.099999999999999645e+00,1.364991759695067941e+01,7.247792986370413360e+00,1.829743143379941372e+01,9.715516176017844785e+00
2.149999999999999467e+00,1.285239538987135788e+01,7.152027275379656324e+00,1.805853465103107780e+01,1.004910979313216046e+01
2.199999999999999734e+00,1.207344355504693922e+01,7.038460804791494496e+00,1.776225199055922133e+01,1.035486801013952807e+01
2.249999999999999556e+00,1.115454168966020987e+01,6.906630862202390198e+00,1.716478138607214987e+01,1.062803046169925736e+01
2.299999999999999822e+00,1.083084428165830637e+01,6.758360698986739301e+00,1.741564218429519428e+01,1.086722222433568419e+01
2.349999999999999645e+00,1.044745561054412342e+01,6.596338334117596958e+00,1.753750340880786851e+01,1.107286887186997504e+01
2.399999999999999467e+00,1.001143877954308081e+01,6.422670230639893951e+00,1.752832789239351285e+01,1.124500406249388362e+01
2.449999999999999734e+00,9.543160254449217561e+00,6.239764092304641352e+00,1.741188920024256603e+01,1.138470675478885497e+01
2.499999999999999556e+00,9.073716519645287804e+00,6.049720441521907688e+00,1.723799433385300972e+01,1.149309067200460888e+01
2.549999999999999822e+00,8.755506558028619324e+00,5.855787268803418932e+00,1.730546000018921404e+01,1.157409816077069564e+01
2.599999999999999645e+00,8.425209192305768369e+00,5.659465487947612061e+00,1.731206596295814393e+01,1.162903348820236182e+01
2.649999999999999467e+00,8.086417351417923172e+00,5.462740048072689092e+00,1.726113738988296831e+01,1.166067770153671823e+01
2.699999999999999734e+00,7.747295241917397490e+00,5.268191301917829250e+00,1.716718726051798427e+01,1.167375500483342776e+01
2.749999999999999556e+00,7.716713505727453182e+00,5.077482985699722562e+00,1.773859726757313737e+01,1.167173379566740543e+01
2.799999999999999378e+00,7.775817716942757585e+00,4.892416918971026263e+00,1.853035089048831452e+01,1.165899272735771319e+01
2.849999999999999645e+00,7.584001081402341526e+00,4.713979982655877699e+00,1.872447352911873963e+01,1.163855232279507845e+01
2.899999999999999467e+00,7.326153097332741559e+00,4.542785212440088038e+00,1.872809031994265183e+01,1.161287385512764914e+01
2.949999999999999734e+00,7.115022340567818127e+00,4.377472238145720063e+00,1.882096163204591477e+01,1.157947692865736045e+01
2.999999999999999556e+00,6.910112602068411825e+00,4.289220396009127967e+00,1.890380127447195946e+01,1.173389996051554007e+01
3.049999999999999378e+00,6.683719682275699903e+00,4.201293198407774376e+00,1.889902568055525833e+01,1.187966459138156239e+01
3.099999999999999645e+00,6.376263922820608165e+00,4.112289522716304546e+00,1.862563902506853353e+01,1.201236666859973212e+01
3.149999999999999467e+00,6.037811419062466101e+00,4.022121166299697848e+00,1.821051220625459877e+01,1.213103250669410471e+01
3.199999999999999734e+00,5.649956739242488091e+00,3.931390387783982199e+00,1.758598054957215595e+01,1.223679367527574158e+01
3.249999999999999556e+00,5.311665129881787628e+00,3.840593758784338174e+00,1.705371177638604152e+01,1.233066795646299241e+01
3.299999999999999378e+00,5.164367760590983458e+00,3.749782761229507599e+00,1.709489943891620456e+01,1.241239241522653458e+01
3.349999999999999645e+00,5.018826357579976083e+00,3.659316150113385291e+00,1.712037580504985712e+01,1.248277250812040329e+01
3.399999999999999467e+00,4.875167382066097232e+00,3.569110985256317647e+00,1.713045406271714199e+01,1.254120873933175773e+01
3.449999999999999734e+00,4.733854801558990744e+00,3.479893536542833843e+00,1.712673714743931441e+01,1.258999787695525185e+01
3.499999999999999556e+00,4.594884633318638834e+00,3.391363341558780053e+00,1.710929875323288485e+01,1.262792283635287482e+01
3.549999999999999378e+00,4.458316795041572966e+00,3.304337091509961688e+00,1.707847704715800319e+01,1.265792624610909556e+01
3.599999999999999645e+00,4.324352443132309709e+00,3.218698541916494626e+00,1.703521399200425179e+01,1.267963681461240810e+01
3.649999999999999467e+00,4.193119663060338453e+00,3.134468078657782542e+00,1.698026621156836313e+01,1.269319902223512386e+01
3.699999999999999734e+00,4.064653331155475335e+00,3.052131564643260297e+00,1.691408343500879141e+01,1.270071608402694174e+01
3.749999999999999556e+00,3.939297356261901140e+00,2.971768435282302612e+00,1.683847705172010834e+01,1.270278683607969583e+01
3.799999999999999378e+00,3.817008446789794007e+00,2.893321033126948549e+00,1.675374201388284234e+01,1.269946211230361932e+01
3.849999999999999645e+00,3.698311344411062240e+00,2.816711430343070699e+00,1.666274077707179302e+01,1.269069259908287250e+01
3.899999999999999467e+00,3.583028170309570548e+00,2.742094526606218441e+00,1.656536257858319416e+01,1.267748616502110082e+01
3.949999999999999289e+00,3.471987292913412126e+00,2.669210636563329242e+00,1.646621674067370833e+01,1.265897515174446397e+01
3.999999999999999556e+00,3.364929982896518901e+00,2.597989361933332297e+00,1.636505705955199730e+01,1.263510514758177905e+01
4.049999999999999822e+00,3.261861980341739020e+00,2.528399926704322009e+00,1.626286798080275986e+01,1.260600063965790518e+01
4.099999999999999645e+00,3.162095553454023822e+00,2.460298291075070143e+00,1.615712973694117949e+01,1.257120729228227418e+01
4.149999999999999467e+00,3.065376811220287046e+00,2.394188645121373860e+00,1.604728517550742950e+01,1.253360690000451960e+01
4.199999999999999289e+00,2.971734531314148331e+00,2.329568036641477935e+00,1.593419401691385673e+01,1.249095054766935320e+01
4.249999999999999112e+00,2.880978720195345399e+00,2.266555442220604899e+00,1.581755742746428695e+01,1.244416372066268472e+01
4.299999999999999822e+00,2.793121518053509611e+00,2.205177368429969142e+00,1.569814192241861761e+01,1.239372761620609253e+01
4.349999999999999645e+00,2.708162026306295100e+00,2.145305888824793783e+00,1.557667172671824574e+01,1.233926377337065006e+01
4.399999999999999467e+00,2.626018661604697435e+00,2.087337630327835925e+00,1.545342221104287361e+01,1.228342744477779114e+01
4.449999999999999289e+00,2.546975112129469476e+00,2.030946980070398311e+00,1.533084993326891876e+01,1.222475367961202330e+01
4.499999999999999112e+00,2.498430594557839335e+00,1.976197985254289691e+00,1.537849466414641597e+01,1.216401617788724110e+01
4.549999999999999822e+00,2.463158077621843134e+00,1.923177941391862600e+00,1.550017448409719378e+01,1.210218455988078823e+01
4.599999999999999645e+00,2.432975733247347172e+00,1.872007730556855654e+00,1.564858055805100712e+01,1.204050799874337052e+01
4.649999999999999467e+00,2.417103136568122590e+00,1.822627712418828150e+00,1.588629405389610305e+01,1.197913293488022290e+01
4.699999999999999289e+00,2.422181269948395332e+00,1.774830501256734472e+00,1.626386896943538574e+01,1.191719673235349397e+01
4.749999999999999112e+00,2.450582170814246563e+00,1.728484144403561240e+00,1.680652779443529710e+01,1.185425127185467353e+01
4.799999999999999822e+00,2.500053246994487388e+00,1.683458004390122609e+00,1.750867343914875818e+01,1.178979547048531629e+01
4.849999999999999645e+00,2.563944631485235437e+00,1.639723693826261819e+00,1.833215957089060666e+01,1.172399592341442620e+01
4.899999999999999467e+00,2.632666987142296300e+00,1.597169856738661631e+00,1.921363768774045866e+01,1.165640892031982645e+01
4.949999999999999289e+00,2.696402540351064303e+00,1.555836646790372368e+00,2.008244724712358220e+01,1.158766427368863461e+01
4.999999999999999112e+00,2.755096542034408014e+00,1.515648685040797750e+00,2.093622320158784689e+01,1.151754890657148067e+01
5.049999999999999822e+00,2.811163154318405244e+00,1.476575838444596389e+00,2.179166016069260436e+01,1.144616555728727825e+01
5.099999999999999645e+00,2.858854872013790516e+00,1.438642424142347220e+00,2.260236951732472832e+01,1.137403930226797577e+01
5.149999999999999467e+00,2.900924450754484241e+00,1.401784000509834760e+00,2.338688531527471071e+01,1.130100497728717457e+01
5.199999999999999289e+00,2.935659158766672050e+00,1.366034421693515410e+00,2.412869465496181576e+01,1.122767517161549122e+01
5.249999999999999112e+00,2.936611150441887474e+00,1.338180163734153494e+00,2.460291462901614068e+01,1.121126721923673841e+01
5.299999999999999822e+00,2.916100495915513680e+00,1.312920559970937706e+00,2.489864626830198091e+01,1.121015707342222001e+01
5.349999999999999645e+00,2.871429847965792703e+00,1.286679144526430507e+00,2.498200459209776980e+01,1.119436169401365433e+01
5.399999999999999467e+00,2.795198494817581203e+00,1.259743732152705631e+00,2.477545749449213730e+01,1.116583575290566799e+01
5.449999999999999289e+00,2.697163714160963011e+00,1.233220219565170250e+00,2.435128156028935820e+01,1.113410084630893238e+01
5.499999999999999112e+00,2.582566463634301090e+00,1.208477123145093923e+00,2.374643370193686565e+01,1.111182317634863637e+01
5.549999999999998934e+00,2.449609024448029526e+00,1.183718855023142780e+00,2.293529068922929781e+01,1.108296702180664184e+01
5.599999999999999645e+00,2.296760216564262880e+00,1.158847171046968327e+00,2.189340042347757276e+01,1.104647536228151239e+01
5.649999999999999467e+00,2.190310916408354736e+00,1.134012763191746265e+00,2.125319234314849837e+01,1.100363934414419198e+01
5.699999999999999289e+00,2.199245299985308044e+00,1.112565216852450467e+00,2.171925344504262512e+01,1.098744461071196099e+01
5.749999999999999112e+00,2.212179597960098221e+00,1.093103215016182572e+00,2.223195124704781733e+01,1.098546311820263810e+01
5.799999999999998934e+00,2.217347045524847182e+00,1.073104531782589355e+00,2.267311380886435046e+01,1.097285209684245189e+01
5.849999999999999645e+00,2.212664522838297287e+00,1.052571423059460720e+00,2.301700510644855058e+01,1.094926120494044142e+01
5.899999999999999467e+00,2.198262162137030185e+00,1.031564702263215283e+00,2.325974864470067516e+01,1.091495641359822599e+01
5.949999999999999289e+00,2.174961029980468030e+00,1.010180612072697715e+00,2.340490704634060393e+01,1.087062388689753689e+01
5.999999999999999112e+00,2.145062656025258363e+00,1.008716367316456086e+00,2.347275102790924706e+01,1.103806831995746762e+01
6.049999999999998934e+00,2.108472590026492011e+00,1.010256142465718820e+00,2.345849889421902290e+01,1.123993392800627866e+01
6.099999999999999645e+00,2.066740003880806142e+00,1.011576076651970357e+00,2.337582918802193532e+01,1.144141475662344121e+01
6.149999999999999467e+00,2.020939180201756891e+00,1.012274355916551460e+00,2.323405347475047122e+01,1.163777551887323547e+01
6.199999999999999289e+00,1.976356740384826560e+00,1.012237583177864053e+00,2.309246146441515180e+01,1.182734721152420754e+01
6.249999999999999112e+00,1.931096829745468701e+00,1.011475824307601856e+00,2.292902537317698375e+01,1.200983528255337518e+01
6.299999999999998934e+00,1.880762697861737776e+00,1.010111715652439068e+00,2.269011049821605752e+01,1.218630424229167808e+01
6.349999999999999645e+00,1.829012706999330273e+00,1.008101817981005066e+00,2.241742279047383590e+01,1.235587078375271730e+01
6.399999999999999467e+00,1.774609253771351369e+00,1.005415450466269123e+00,2.209450108044399386e+01,1.251777128368577863e+01
6.449999999999999289e+00,1.724784929170883885e+00,1.002189038205921534e+00,2.181101554827618116e+01,1.267332542448000510e+01
6.499999999999999112e+00,1.688934256250075316e+00,9.983727868497559443e-01,2.169007067355898499e+01,1.282156260682943483e+01
6.549999999999998934e+00,1.649304358054142883e+00,9.939840772985865103e-01,2.150824207714175174e+01,1.296234382147952857e+01
6.599999999999999645e+00,1.615202777816750812e+00,9.891290067896950644e-01,2.138633834014619595e+01,1.309671323736241533e+01
6.649999999999999467e+00,1.586155386837692527e+00,9.837364671749363465e-01,2.132114532980300226e+01,1.322341326512801452e+01
6.699999999999999289e+00,1.579982502627644614e+00,9.779375564410489607e-01,2.155874085544702012e+01,1.334388343988536896e+01
6.749999999999999112e+00,1.571732149239263299e+00,9.716787232594673585e-01,2.176745180641983879e+01,1.345710831843156541e+01
6.799999999999998934e+00,1.561941252744483366e+00,9.650423513420581800e-01,2.195351320837129450e+01,1.356393524378690252e+01
6.849999999999999645e+00,1.549531924198313426e+00,9.580357021644563265e-01,2.210055502483064771e+01,1.366420428052312630e+01
6.899999999999999467e+00,1.534755610460381225e+00,9.506456436179445690e-01,2.221052991930061538e+01,1.375746299040761755e+01
6.949999999999999289e+00,1.517808855788751021e+00,9.429641902916697793e-01,2.228477230008654431e+01,1.384478828651006310e+01
6.999999999999999112e+00,1.498803803170398297e+00,9.349138924915464388e-01,2.232350458157474193e+01,1.392480758206359148e+01
7.049999999999998934e+00,1.488098695429453722e+00,9.266301474701926777e-01,2.248182066996083606e+01,1.399929511852181996e+01
7.099999999999999645e+00,1.478854528776612831e+00,9.180113051846562344e-01,2.266019602185900084e+01,1.406650601596068917e+01
7.149999999999999467e+00,1.462226058006038221e+00,9.092053123940569970e-01,2.272208143686980364e+01,1.412848378534853389e+01
7.199999999999999289e+00,1.436810616302033550e+00,9.001327213494144663e-01,2.264050087181089310e+01,1.418381478479620128e+01
7.249999999999999112e+00,1.403133625399626716e+00,8.908796681392514571e-01,2.241798400053221485e+01,1.423365942146603302e+01
7.299999999999998934e+00,1.362280952014588431e+00,8.828344546697733941e-01,2.206652333243810915e+01,1.430034462703271636e+01
7.349999999999999645e+00,1.324030087762584129e+00,8.747195106280492016e-01,2.174172717852582792e+01,1.436365618393622690e+01
7.399999999999999467e+00,1.307213904655600833e+00,8.664027987930957853e-01,2.175863302414827416e+01,1.442131274988284417e+01
7.449999999999999289e+00,1.290765682227853040e+00,8.579398663198547492e-01,2.177616833455170919e+01,1.447407783390849545e+01
7.499999999999999112e+00,1.274158817965655111e+00,8.492591045811599404e-01,2.178550342990160971e+01,1.452058948606416067e+01
7.549999999999998934e+00,1.257279373400342459e+00,8.404674098147342232e-01,2.178448027998244285e+01,1.456251180321162231e+01
7.599999999999998757e+00,1.240150322451249787e+00,8.314787608626394988e-01,2.177323823137568226e+01,1.459821831018631499e+01
7.649999999999999467e+00,1.222784971679185428e+00,8.224109785564502895e-01,2.175176347408512711e+01,1.462962785638831420e+01
7.699999999999999289e+00,1.205128159007941679e+00,8.131764156406348087e-01,2.171881839753202215e+01,1.465506449620565377e+01
7.749999999999999112e+00,1.187356465121919724e+00,8.038916652745758951e-01,2.167734230923596783e+01,1.467649801857049496e+01
7.799999999999998934e+00,1.169325147831062006e+00,7.944857376290975770e-01,2.162449651564236319e+01,1.469253791125177955e+01
7.849999999999998757e+00,1.151229958378890306e+00,7.850379201904436055e-01,2.156368134746301379e+01,1.470454050770143084e+01
7.899999999999999467e+00,1.132960219451894845e+00,7.755392138617343001e-01,2.149266913520516198e+01,1.471226212423525048e+01
7.949999999999999289e+00,1.114630423743142362e+00,7.660166118613882524e-01,2.141345078091994480e+01,1.471614148156505664e+01
7.999999999999999112e+00,1.096242466550708894e+00,7.565033881394646054e-01,2.132593617982342238e+01,1.471676519342004497e+01
8.049999999999998934e+00,1.077772635692098913e+00,7.470141526258077258e-01,2.122953212290708080e+01,1.471438448541791999e+01
8.099999999999999645e+00,1.059372130806156553e+00,7.375406070901697753e-01,2.112710986506823474e+01,1.470880815420879095e+01
8.150000000000000355e+00,1.040930138686306572e+00,7.280530895246826173e-01,2.101639923762083484e+01,1.469940568244526702e+01
8.199999999999999289e+00,1.022532377463631459e+00,7.185820896519614642e-01,2.089903736761700159e+01,1.468674662467672221e+01
8.250000000000000000e+00,1.004213859533566566e+00,7.090759628520298952e-01,2.077569769877280237e+01,1.466973166106518534e+01
8.300000000000000711e+00,9.859241671445589938e-01,6.996121306858068545e-01,2.064530039332436928e+01,1.464991231389950244e+01
8.349999999999999645e+00,9.677711105084791932e-01,6.901284416452456716e-01,2.051006864418391018e+01,1.462596016532324406e+01
8.400000000000000355e+00,9.497137896111934596e-01,6.806414905025399698e-01,2.036914620029837764e+01,1.459817281974088488e+01
8.449999999999999289e+00,9.317442764681269640e-01,6.712140140670214139e-01,2.022235177729280409e+01,1.456786615503979476e+01
8.500000000000000000e+00,9.139753373688732641e-01,6.617904027610170825e-01,2.007214740570934453e+01,1.453382161726947253e+01
8.550000000000000711e+00,8.963201804739080458e-01,6.523791400646735683e-01,1.991667852032501074e+01,1.449618773412456818e+01
8.599999999999999645e+00,8.788227642050251420e-01,6.430028753878302972e-01,1.975694131167897183e+01,1.445544037968782014e+01
8.650000000000000355e+00,8.615269032963849272e-01,6.336995525198938495e-01,1.959397583801195353e+01,1.441242713735912417e+01
8.699999999999999289e+00,8.443823201855418237e-01,6.244283723279316911e-01,1.942670502815374789e+01,1.436622429252113520e+01
8.750000000000000000e+00,8.274472924753671910e-01,6.151960226242968455e-01,1.925652663134691167e+01,1.431697064078089099e+01
8.800000000000000711e+00,8.107146370559278337e-01,6.060087622001936181e-01,1.908336107777983415e+01,1.426480230745718103e+01
8.849999999999999645e+00,7.941616251720062802e-01,5.968957664361499438e-01,1.890675290308567824e+01,1.421040806707570248e+01
8.900000000000000355e+00,7.778498718960883407e-01,5.878659503505856421e-01,1.872825470474436571e+01,1.415402077983904405e+01
8.949999999999999289e+00,7.617462281734073137e-01,5.788952017024198149e-01,1.854718024023096490e+01,1.409507950164138634e+01
9.000000000000000000e+00,7.458429472343600652e-01,5.699883053510563791e-01,1.836343472469323501e+01,1.403370921179160469e+01
9.050000000000000711e+00,7.301897398013658114e-01,5.611496962095815499e-01,1.817834719620995543e+01,1.397003196665080260e+01
9.099999999999999645e+00,7.147607811799756572e-01,5.523834745260287615e-01,1.799140205142794358e+01,1.390416687434348297e+01
9.150000000000000355e+00,6.995465526194882822e-01,5.437225172898679793e-01,1.780247227899652174e+01,1.383697054223668133e+01
9.199999999999999289e+00,6.845667074912159533e-01,5.351522457137504185e-01,1.761217281890078112e+01,1.376811599628421767e+01
9.250000000000000000e+00,6.698415932289426555e-01,5.266628170175835510e-01,1.742116066404610208e+01,1.369738404391159037e+01
9.300000000000000711e+00,6.553403441119241002e-01,5.182572079511515994e-01,1.722877150658163004e+01,1.362488224272119197e+01
9.349999999999999645e+00,6.410660605119374855e-01,5.099381296520910656e-01,1.703521095604977731e+01,1.355071520432654708e+01
9.400000000000000355e+00,6.270282457446074709e-01,5.017080405898610707e-01,1.684086216906878875e+01,1.347498460879356941e+01
9.449999999999999289e+00,6.132514375080955205e-01,4.935691591280466639e-01,1.664652936606719891e+01,1.339778922491585966e+01
9.500000000000000000e+00,5.997050928248549573e-01,4.855513921561522839e-01,1.645153617954614944e+01,1.331999075988982817e+01
9.550000000000000711e+00,5.863905051242976896e-01,4.776312487024745312e-01,1.625605582662337056e+01,1.324100607973082866e+01
9.599999999999999645e+00,5.733085577713407099e-01,4.698060734453877174e-01,1.606025364452549553e+01,1.316080948207447321e+01
9.650000000000000355e+00,5.604597533536559428e-01,4.620772999744185983e-01,1.586428733939382596e+01,1.307948878744877952e+01
9.699999999999999289e+00,5.478670172376887137e-01,4.544461765797693786e-01,1.566895861992333394e+01,1.299712906922722766e+01
9.750000000000000000e+00,5.355089023953698568e-01,4.469137763771177108e-01,1.547381626410709998e+01,1.291381269410164911e+01
9.800000000000000711e+00,5.233813962289675104e-01,4.394810069937860608e-01,1.527889485264941172e+01,1.282961936357587263e+01
9.849999999999999645e+00,5.114838458626110862e-01,4.321486198942426360e-01,1.508432539496550717e+01,1.274462615818563194e+01
9.900000000000000355e+00,4.998153369282968828e-01,4.249336866306308580e-01,1.489023242925586210e+01,1.265939816860478828e+01
9.949999999999999289e+00,4.883747145211846385e-01,4.178257955650421240e-01,1.469673424875476542e+01,1.257369494592781933e+01
1.000000000000000000e+01,4.771606029603115418e-01,4.108185060035696723e-01,1.450394312382910655e+01,1.248738518713756029e+01
