set_name,record_id,split,weight,scale_factor,notes
peer_mle_all,RSN15_KERN_TAF021,all,1.0,1.0,PEER result_id=1; RSN=15
peer_mle_all,RSN15_KERN_TAF111,all,1.0,1.0,PEER result_id=1; RSN=15
peer_mle_all,RSN88_SFERN_FSD172,all,1.0,1.0,PEER result_id=2; RSN=88
peer_mle_all,RSN88_SFERN_FSD262,all,1.0,1.0,PEER result_id=2; RSN=88
peer_mle_all,RSN93_SFERN_WND143,all,1.0,1.0,PEER result_id=3; RSN=93
peer_mle_all,RSN93_SFERN_WND233,all,1.0,1.0,PEER result_id=3; RSN=93
peer_mle_all,RSN167_IMPVALL.H_H-CMP015,all,1.0,1.0,PEER result_id=4; RSN=167
peer_mle_all,RSN167_IMPVALL.H_H-CMP285,all,1.0,1.0,PEER result_id=4; RSN=167
peer_mle_all,RSN290_ITALY_A-MER000,all,1.0,1.0,PEER result_id=5; RSN=290
peer_mle_all,RSN290_ITALY_A-MER270,all,1.0,1.0,PEER result_id=5; RSN=290
peer_mle_all,RSN776_LOMAP_HSP000,all,1.0,1.0,PEER result_id=6; RSN=776
peer_mle_all,RSN776_LOMAP_HSP090,all,1.0,1.0,PEER result_id=6; RSN=776
peer_mle_all,RSN800_LOMAP_SJW160,all,1.0,1.0,PEER result_id=7; RSN=800
peer_mle_all,RSN800_LOMAP_SJW250,all,1.0,1.0,PEER result_id=7; RSN=800
peer_mle_all,RSN806_LOMAP_SVL270,all,1.0,1.0,PEER result_id=8; RSN=806
peer_mle_all,RSN806_LOMAP_SVL360,all,1.0,1.0,PEER result_id=8; RSN=806
peer_mle_all,RSN838_LANDERS_BRS000,all,1.0,1.0,PEER result_id=9; RSN=838
peer_mle_all,RSN838_LANDERS_BRS090,all,1.0,1.0,PEER result_id=9; RSN=838
peer_mle_all,RSN850_LANDERS_DSP000,all,1.0,1.0,PEER result_id=10; RSN=850
peer_mle_all,RSN850_LANDERS_DSP090,all,1.0,1.0,PEER result_id=10; RSN=850
peer_mle_all,RSN864_LANDERS_JOS000,all,1.0,1.0,PEER result_id=11; RSN=864
peer_mle_all,RSN864_LANDERS_JOS090,all,1.0,1.0,PEER result_id=11; RSN=864
peer_mle_all,RSN880_LANDERS_MCF000,all,1.0,1.0,PEER result_id=12; RSN=880
peer_mle_all,RSN880_LANDERS_MCF090,all,1.0,1.0,PEER result_id=12; RSN=880
peer_mle_all,RSN881_LANDERS_MVH045,all,1.0,1.0,PEER result_id=13; RSN=881
peer_mle_all,RSN881_LANDERS_MVH135,all,1.0,1.0,PEER result_id=13; RSN=881
peer_mle_all,RSN882_LANDERS_FHS000,all,1.0,1.0,PEER result_id=14; RSN=882
peer_mle_all,RSN882_LANDERS_FHS090,all,1.0,1.0,PEER result_id=14; RSN=882
peer_mle_all,RSN884_LANDERS_PSA000,all,1.0,1.0,PEER result_id=15; RSN=884
peer_mle_all,RSN884_LANDERS_PSA090,all,1.0,1.0,PEER result_id=15; RSN=884
peer_mle_all,RSN1000_NORTHR_PIC090,all,1.0,1.0,PEER result_id=16; RSN=1000
peer_mle_all,RSN1000_NORTHR_PIC180,all,1.0,1.0,PEER result_id=16; RSN=1000
peer_mle_all,RSN1002_NORTHR_VRM000,all,1.0,1.0,PEER result_id=17; RSN=1002
peer_mle_all,RSN1002_NORTHR_VRM090,all,1.0,1.0,PEER result_id=17; RSN=1002
peer_mle_all,RSN1008_NORTHR_W15090,all,1.0,1.0,PEER result_id=18; RSN=1008
peer_mle_all,RSN1008_NORTHR_W15180,all,1.0,1.0,PEER result_id=18; RSN=1008
peer_mle_all,RSN1026_NORTHR_LOA092,all,1.0,1.0,PEER result_id=19; RSN=1026
peer_mle_all,RSN1026_NORTHR_LOA182,all,1.0,1.0,PEER result_id=19; RSN=1026
peer_mle_all,RSN1035_NORTHR_MAN000,all,1.0,1.0,PEER result_id=20; RSN=1035
peer_mle_all,RSN1035_NORTHR_MAN090,all,1.0,1.0,PEER result_id=20; RSN=1035
peer_mle_all,RSN1057_NORTHR_SAR000,all,1.0,1.0,PEER result_id=21; RSN=1057
peer_mle_all,RSN1057_NORTHR_SAR270,all,1.0,1.0,PEER result_id=21; RSN=1057
peer_mle_all,RSN1100_KOBE_ABN000,all,1.0,1.0,PEER result_id=22; RSN=1100
peer_mle_all,RSN1100_KOBE_ABN090,all,1.0,1.0,PEER result_id=22; RSN=1100
peer_mle_all,RSN1104_KOBE_FKS000,all,1.0,1.0,PEER result_id=23; RSN=1104
peer_mle_all,RSN1104_KOBE_FKS090,all,1.0,1.0,PEER result_id=23; RSN=1104
peer_mle_all,RSN1110_KOBE_MRG000,all,1.0,1.0,PEER result_id=24; RSN=1110
peer_mle_all,RSN1110_KOBE_MRG090,all,1.0,1.0,PEER result_id=24; RSN=1110
peer_mle_all,RSN1118_KOBE_TDO000,all,1.0,1.0,PEER result_id=25; RSN=1118
peer_mle_all,RSN1118_KOBE_TDO090,all,1.0,1.0,PEER result_id=25; RSN=1118
peer_mle_all,RSN1121_KOBE_YAE000,all,1.0,1.0,PEER result_id=26; RSN=1121
peer_mle_all,RSN1121_KOBE_YAE090,all,1.0,1.0,PEER result_id=26; RSN=1121
peer_mle_all,RSN3753_LANDERS_FVR045,all,1.0,1.0,PEER result_id=27; RSN=3753
peer_mle_all,RSN3753_LANDERS_FVR135,all,1.0,1.0,PEER result_id=27; RSN=3753
peer_mle_all,RSN3757_LANDERS_NPF090,all,1.0,1.0,PEER result_id=28; RSN=3757
peer_mle_all,RSN3757_LANDERS_NPF180,all,1.0,1.0,PEER result_id=28; RSN=3757
peer_mle_all,RSN3758_LANDERS_TPP045,all,1.0,1.0,PEER result_id=29; RSN=3758
peer_mle_all,RSN3758_LANDERS_TPP135,all,1.0,1.0,PEER result_id=29; RSN=3758
peer_mle_all,RSN3759_LANDERS_WWT180,all,1.0,1.0,PEER result_id=30; RSN=3759
peer_mle_all,RSN3759_LANDERS_WWT270,all,1.0,1.0,PEER result_id=30; RSN=3759
peer_mle_all,RSN3884_TOTTORI_HRS021NS,all,1.0,1.0,PEER result_id=31; RSN=3884
peer_mle_all,RSN3884_TOTTORI_HRS021EW,all,1.0,1.0,PEER result_id=31; RSN=3884
peer_mle_all,RSN3908_TOTTORI_OKY005NS,all,1.0,1.0,PEER result_id=32; RSN=3908
peer_mle_all,RSN3908_TOTTORI_OKY005EW,all,1.0,1.0,PEER result_id=32; RSN=3908
peer_mle_all,RSN3936_TOTTORI_SMN004NS,all,1.0,1.0,PEER result_id=33; RSN=3936
peer_mle_all,RSN3936_TOTTORI_SMN004EW,all,1.0,1.0,PEER result_id=33; RSN=3936
peer_mle_all,RSN3969_TOTTORI_TTRH04NS,all,1.0,1.0,PEER result_id=34; RSN=3969
peer_mle_all,RSN3969_TOTTORI_TTRH04EW,all,1.0,1.0,PEER result_id=34; RSN=3969
peer_mle_all,RSN4840_CHUETSU_65003NS,all,1.0,1.0,PEER result_id=35; RSN=4840
peer_mle_all,RSN4840_CHUETSU_65003EW,all,1.0,1.0,PEER result_id=35; RSN=4840
peer_mle_all,RSN4849_CHUETSU_65012NS,all,1.0,1.0,PEER result_id=36; RSN=4849
peer_mle_all,RSN4849_CHUETSU_65012EW,all,1.0,1.0,PEER result_id=36; RSN=4849
peer_mle_all,RSN4853_CHUETSU_65019NS,all,1.0,1.0,PEER result_id=37; RSN=4853
peer_mle_all,RSN4853_CHUETSU_65019EW,all,1.0,1.0,PEER result_id=37; RSN=4853
peer_mle_all,RSN4857_CHUETSU_65027NS,all,1.0,1.0,PEER result_id=38; RSN=4857
peer_mle_all,RSN4857_CHUETSU_65027EW,all,1.0,1.0,PEER result_id=38; RSN=4857
peer_mle_all,RSN4859_CHUETSU_65029NS,all,1.0,1.0,PEER result_id=39; RSN=4859
peer_mle_all,RSN4859_CHUETSU_65029EW,all,1.0,1.0,PEER result_id=39; RSN=4859
peer_mle_all,RSN4860_CHUETSU_65033NS,all,1.0,1.0,PEER result_id=40; RSN=4860
peer_mle_all,RSN4860_CHUETSU_65033EW,all,1.0,1.0,PEER result_id=40; RSN=4860
peer_mle_all,RSN4862_CHUETSU_65035NS,all,1.0,1.0,PEER result_id=41; RSN=4862
peer_mle_all,RSN4862_CHUETSU_65035EW,all,1.0,1.0,PEER result_id=41; RSN=4862
peer_mle_all,RSN4880_CHUETSU_65085NS,all,1.0,1.0,PEER result_id=42; RSN=4880
peer_mle_all,RSN4880_CHUETSU_65085EW,all,1.0,1.0,PEER result_id=42; RSN=4880
peer_mle_all,RSN4882_CHUETSU_65321NS,all,1.0,1.0,PEER result_id=43; RSN=4882
peer_mle_all,RSN4882_CHUETSU_65321EW,all,1.0,1.0,PEER result_id=43; RSN=4882
peer_mle_all,RSN4883_CHUETSU_690E1NS,all,1.0,1.0,PEER result_id=44; RSN=4883
peer_mle_all,RSN4883_CHUETSU_690E1EW,all,1.0,1.0,PEER result_id=44; RSN=4883
peer_mle_all,RSN4889_CHUETSU_6E1C1NS,all,1.0,1.0,PEER result_id=45; RSN=4889
peer_mle_all,RSN4889_CHUETSU_6E1C1EW,all,1.0,1.0,PEER result_id=45; RSN=4889
peer_mle_all,RSN5250_CHUETSU_NIG004NS,all,1.0,1.0,PEER result_id=46; RSN=5250
peer_mle_all,RSN5250_CHUETSU_NIG004EW,all,1.0,1.0,PEER result_id=46; RSN=5250
peer_mle_all,RSN5263_CHUETSU_NIG017NS,all,1.0,1.0,PEER result_id=47; RSN=5263
peer_mle_all,RSN5263_CHUETSU_NIG017EW,all,1.0,1.0,PEER result_id=47; RSN=5263
peer_mle_all,RSN5265_CHUETSU_NIG019NS,all,1.0,1.0,PEER result_id=48; RSN=5265
peer_mle_all,RSN5265_CHUETSU_NIG019EW,all,1.0,1.0,PEER result_id=48; RSN=5265
peer_mle_all,RSN5266_CHUETSU_NIG020NS,all,1.0,1.0,PEER result_id=49; RSN=5266
peer_mle_all,RSN5266_CHUETSU_NIG020EW,all,1.0,1.0,PEER result_id=49; RSN=5266
peer_mle_all,RSN5274_CHUETSU_NIG028NS,all,1.0,1.0,PEER result_id=50; RSN=5274
peer_mle_all,RSN5274_CHUETSU_NIG028EW,all,1.0,1.0,PEER result_id=50; RSN=5274
peer_mle_all,RSN5284_CHUETSU_NIGH11NS,all,1.0,1.0,PEER result_id=51; RSN=5284
peer_mle_all,RSN5284_CHUETSU_NIGH11EW,all,1.0,1.0,PEER result_id=51; RSN=5284
peer_mle_all,RSN5495_IWATE_AKTH19NS,all,1.0,1.0,PEER result_id=52; RSN=5495
peer_mle_all,RSN5495_IWATE_AKTH19EW,all,1.0,1.0,PEER result_id=52; RSN=5495
peer_mle_all,RSN5620_IWATE_IWT012NS,all,1.0,1.0,PEER result_id=53; RSN=5620
peer_mle_all,RSN5620_IWATE_IWT012EW,all,1.0,1.0,PEER result_id=53; RSN=5620
peer_mle_all,RSN5622_IWATE_IWT014NS,all,1.0,1.0,PEER result_id=54; RSN=5622
peer_mle_all,RSN5622_IWATE_IWT014EW,all,1.0,1.0,PEER result_id=54; RSN=5622
peer_mle_all,RSN5632_IWATE_IWT025NS,all,1.0,1.0,PEER result_id=55; RSN=5632
peer_mle_all,RSN5632_IWATE_IWT025EW,all,1.0,1.0,PEER result_id=55; RSN=5632
peer_mle_all,RSN5637_IWATE_IWTH05NS,all,1.0,1.0,PEER result_id=56; RSN=5637
peer_mle_all,RSN5637_IWATE_IWTH05EW,all,1.0,1.0,PEER result_id=56; RSN=5637
peer_mle_all,RSN5652_IWATE_IWTH20NS,all,1.0,1.0,PEER result_id=57; RSN=5652
peer_mle_all,RSN5652_IWATE_IWTH20EW,all,1.0,1.0,PEER result_id=57; RSN=5652
peer_mle_all,RSN5664_IWATE_MYG005NS,all,1.0,1.0,PEER result_id=58; RSN=5664
peer_mle_all,RSN5664_IWATE_MYG005EW,all,1.0,1.0,PEER result_id=58; RSN=5664
peer_mle_all,RSN5745_IWATE_YMT002NS,all,1.0,1.0,PEER result_id=59; RSN=5745
peer_mle_all,RSN5745_IWATE_YMT002EW,all,1.0,1.0,PEER result_id=59; RSN=5745
peer_mle_all,RSN5760_IWATE_YMT017NS,all,1.0,1.0,PEER result_id=60; RSN=5760
peer_mle_all,RSN5760_IWATE_YMT017EW,all,1.0,1.0,PEER result_id=60; RSN=5760
peer_mle_all,RSN5774_IWATE_54008NS,all,1.0,1.0,PEER result_id=61; RSN=5774
peer_mle_all,RSN5774_IWATE_54008EW,all,1.0,1.0,PEER result_id=61; RSN=5774
peer_mle_all,RSN5777_IWATE_54011NS,all,1.0,1.0,PEER result_id=62; RSN=5777
peer_mle_all,RSN5777_IWATE_54011EW,all,1.0,1.0,PEER result_id=62; RSN=5777
peer_mle_all,RSN5783_IWATE_54026NS,all,1.0,1.0,PEER result_id=63; RSN=5783
peer_mle_all,RSN5783_IWATE_54026EW,all,1.0,1.0,PEER result_id=63; RSN=5783
peer_mle_all,RSN5784_IWATE_54031NS,all,1.0,1.0,PEER result_id=64; RSN=5784
peer_mle_all,RSN5784_IWATE_54031EW,all,1.0,1.0,PEER result_id=64; RSN=5784
peer_mle_all,RSN5785_IWATE_54036NS,all,1.0,1.0,PEER result_id=65; RSN=5785
peer_mle_all,RSN5785_IWATE_54036EW,all,1.0,1.0,PEER result_id=65; RSN=5785
peer_mle_all,RSN5786_IWATE_54038NS,all,1.0,1.0,PEER result_id=66; RSN=5786
peer_mle_all,RSN5786_IWATE_54038EW,all,1.0,1.0,PEER result_id=66; RSN=5786
peer_mle_all,RSN5801_IWATE_55442NS,all,1.0,1.0,PEER result_id=67; RSN=5801
peer_mle_all,RSN5801_IWATE_55442EW,all,1.0,1.0,PEER result_id=67; RSN=5801
peer_mle_all,RSN5803_IWATE_55445NS,all,1.0,1.0,PEER result_id=68; RSN=5803
peer_mle_all,RSN5803_IWATE_55445EW,all,1.0,1.0,PEER result_id=68; RSN=5803
peer_mle_all,RSN5812_IWATE_44B61NS,all,1.0,1.0,PEER result_id=69; RSN=5812
peer_mle_all,RSN5812_IWATE_44B61EW,all,1.0,1.0,PEER result_id=69; RSN=5812
peer_mle_all,RSN5817_IWATE_48A51NS,all,1.0,1.0,PEER result_id=70; RSN=5817
peer_mle_all,RSN5817_IWATE_48A51EW,all,1.0,1.0,PEER result_id=70; RSN=5817
peer_mle_all,RSN5836_SIERRA.MEX_EMO360,all,1.0,1.0,PEER result_id=71; RSN=5836
peer_mle_all,RSN5836_SIERRA.MEX_EMO270,all,1.0,1.0,PEER result_id=71; RSN=5836
peer_mle_all,RSN6886_DARFIELD_CACSN40E,all,1.0,1.0,PEER result_id=72; RSN=6886
peer_mle_all,RSN6886_DARFIELD_CACSN50W,all,1.0,1.0,PEER result_id=72; RSN=6886
peer_mle_all,RSN6893_DARFIELD_DFHSS17E,all,1.0,1.0,PEER result_id=73; RSN=6893
peer_mle_all,RSN6893_DARFIELD_DFHSS73W,all,1.0,1.0,PEER result_id=73; RSN=6893
peer_mle_all,RSN6896_DARFIELD_DORCN20W,all,1.0,1.0,PEER result_id=74; RSN=6896
peer_mle_all,RSN6896_DARFIELD_DORCN70E,all,1.0,1.0,PEER result_id=74; RSN=6896
peer_mle_all,RSN6923_DARFIELD_KPOCN15E,all,1.0,1.0,PEER result_id=75; RSN=6923
peer_mle_all,RSN6923_DARFIELD_KPOCS75E,all,1.0,1.0,PEER result_id=75; RSN=6923
peer_mle_all,RSN6933_DARFIELD_MAYCN14E,all,1.0,1.0,PEER result_id=76; RSN=6933
peer_mle_all,RSN6933_DARFIELD_MAYCN76W,all,1.0,1.0,PEER result_id=76; RSN=6933
peer_mle_all,RSN6952_DARFIELD_PPHSS33W,all,1.0,1.0,PEER result_id=77; RSN=6952
peer_mle_all,RSN6952_DARFIELD_PPHSS57E,all,1.0,1.0,PEER result_id=77; RSN=6952
peer_mle_all,RSN6960_DARFIELD_RHSCN86W,all,1.0,1.0,PEER result_id=78; RSN=6960
peer_mle_all,RSN6960_DARFIELD_RHSCS04W,all,1.0,1.0,PEER result_id=78; RSN=6960
peer_mle_all,RSN6961_DARFIELD_RKACN14E,all,1.0,1.0,PEER result_id=79; RSN=6961
peer_mle_all,RSN6961_DARFIELD_RKACS76E,all,1.0,1.0,PEER result_id=79; RSN=6961
peer_mle_all,RSN6965_DARFIELD_SBRCS31E,all,1.0,1.0,PEER result_id=80; RSN=6965
peer_mle_all,RSN6965_DARFIELD_SBRCS59W,all,1.0,1.0,PEER result_id=80; RSN=6965
peer_mle_all,RSN6971_DARFIELD_SPFSN17E,all,1.0,1.0,PEER result_id=81; RSN=6971
peer_mle_all,RSN6971_DARFIELD_SPFSN73W,all,1.0,1.0,PEER result_id=81; RSN=6971
peer_mle_all,RSN6988_DARFIELD_WSFCN38W,all,1.0,1.0,PEER result_id=82; RSN=6988
peer_mle_all,RSN6988_DARFIELD_WSFCS52W,all,1.0,1.0,PEER result_id=82; RSN=6988
peer_expansion_30k,RSN880_LANDERS_MCF000,all,1.0,1.0,PEER result_id=12; expansion_npts_max=30000; allow_npts_policy_excluded=true
peer_expansion_30k,RSN880_LANDERS_MCF090,all,1.0,1.0,PEER result_id=12; expansion_npts_max=30000; allow_npts_policy_excluded=true
peer_expansion_30k,RSN882_LANDERS_FHS000,all,1.0,1.0,PEER result_id=14; expansion_npts_max=30000; allow_npts_policy_excluded=true
peer_expansion_30k,RSN882_LANDERS_FHS090,all,1.0,1.0,PEER result_id=14; expansion_npts_max=30000; allow_npts_policy_excluded=true
peer_expansion_30k,RSN1110_KOBE_MRG000,all,1.0,1.0,PEER result_id=24; expansion_npts_max=30000; allow_npts_policy_excluded=true
peer_expansion_30k,RSN1110_KOBE_MRG090,all,1.0,1.0,PEER result_id=24; expansion_npts_max=30000; allow_npts_policy_excluded=true
peer_expansion_30k,RSN3884_TOTTORI_HRS021EW,all,1.0,1.0,PEER result_id=31; expansion_npts_max=30000; allow_npts_policy_excluded=true
peer_expansion_30k,RSN3884_TOTTORI_HRS021NS,all,1.0,1.0,PEER result_id=31; expansion_npts_max=30000; allow_npts_policy_excluded=true
peer_expansion_30k,RSN3908_TOTTORI_OKY005EW,all,1.0,1.0,PEER result_id=32; expansion_npts_max=30000; allow_npts_policy_excluded=true
peer_expansion_30k,RSN3908_TOTTORI_OKY005NS,all,1.0,1.0,PEER result_id=32; expansion_npts_max=30000; allow_npts_policy_excluded=true
peer_expansion_30k,RSN3936_TOTTORI_SMN004EW,all,1.0,1.0,PEER result_id=33; expansion_npts_max=30000; allow_npts_policy_excluded=true
peer_expansion_30k,RSN3936_TOTTORI_SMN004NS,all,1.0,1.0,PEER result_id=33; expansion_npts_max=30000; allow_npts_policy_excluded=true
peer_expansion_30k,RSN5250_CHUETSU_NIG004EW,all,1.0,1.0,PEER result_id=46; expansion_npts_max=30000; allow_npts_policy_excluded=true
peer_expansion_30k,RSN5250_CHUETSU_NIG004NS,all,1.0,1.0,PEER result_id=46; expansion_npts_max=30000; allow_npts_policy_excluded=true
peer_expansion_30k,RSN5263_CHUETSU_NIG017EW,all,1.0,1.0,PEER result_id=47; expansion_npts_max=30000; allow_npts_policy_excluded=true
peer_expansion_30k,RSN5263_CHUETSU_NIG017NS,all,1.0,1.0,PEER result_id=47; expansion_npts_max=30000; allow_npts_policy_excluded=true
peer_expansion_30k,RSN5265_CHUETSU_NIG019EW,all,1.0,1.0,PEER result_id=48; expansion_npts_max=30000; allow_npts_policy_excluded=true
peer_expansion_30k,RSN5265_CHUETSU_NIG019NS,all,1.0,1.0,PEER result_id=48; expansion_npts_max=30000; allow_npts_policy_excluded=true
peer_expansion_30k,RSN5266_CHUETSU_NIG020EW,all,1.0,1.0,PEER result_id=49; expansion_npts_max=30000; allow_npts_policy_excluded=true
peer_expansion_30k,RSN5266_CHUETSU_NIG020NS,all,1.0,1.0,PEER result_id=49; expansion_npts_max=30000; allow_npts_policy_excluded=true
peer_expansion_30k,RSN5274_CHUETSU_NIG028EW,all,1.0,1.0,PEER result_id=50; expansion_npts_max=30000; allow_npts_policy_excluded=true
peer_expansion_30k,RSN5274_CHUETSU_NIG028NS,all,1.0,1.0,PEER result_id=50; expansion_npts_max=30000; allow_npts_policy_excluded=true
peer_expansion_30k,RSN5495_IWATE_AKTH19EW,all,1.0,1.0,PEER result_id=52; expansion_npts_max=30000; allow_npts_policy_excluded=true
peer_expansion_30k,RSN5495_IWATE_AKTH19NS,all,1.0,1.0,PEER result_id=52; expansion_npts_max=30000; allow_npts_policy_excluded=true
peer_expansion_30k,RSN5620_IWATE_IWT012EW,all,1.0,1.0,PEER result_id=53; expansion_npts_max=30000; allow_npts_policy_excluded=true
peer_expansion_30k,RSN5620_IWATE_IWT012NS,all,1.0,1.0,PEER result_id=53; expansion_npts_max=30000; allow_npts_policy_excluded=true
peer_expansion_30k,RSN5622_IWATE_IWT014EW,all,1.0,1.0,PEER result_id=54; expansion_npts_max=30000; allow_npts_policy_excluded=true
peer_expansion_30k,RSN5622_IWATE_IWT014NS,all,1.0,1.0,PEER result_id=54; expansion_npts_max=30000; allow_npts_policy_excluded=true
peer_expansion_30k,RSN5632_IWATE_IWT025EW,all,1.0,1.0,PEER result_id=55; expansion_npts_max=30000; allow_npts_policy_excluded=true
peer_expansion_30k,RSN5632_IWATE_IWT025NS,all,1.0,1.0,PEER result_id=55; expansion_npts_max=30000; allow_npts_policy_excluded=true
peer_expansion_30k,RSN5637_IWATE_IWTH05EW,all,1.0,1.0,PEER result_id=56; expansion_npts_max=30000; allow_npts_policy_excluded=true
peer_expansion_30k,RSN5637_IWATE_IWTH05NS,all,1.0,1.0,PEER result_id=56; expansion_npts_max=30000; allow_npts_policy_excluded=true
peer_expansion_30k,RSN5652_IWATE_IWTH20EW,all,1.0,1.0,PEER result_id=57; expansion_npts_max=30000; allow_npts_policy_excluded=true
peer_expansion_30k,RSN5652_IWATE_IWTH20NS,all,1.0,1.0,PEER result_id=57; expansion_npts_max=30000; allow_npts_policy_excluded=true
peer_expansion_30k,RSN5664_IWATE_MYG005EW,all,1.0,1.0,PEER result_id=58; expansion_npts_max=30000; allow_npts_policy_excluded=true
peer_expansion_30k,RSN5664_IWATE_MYG005NS,all,1.0,1.0,PEER result_id=58; expansion_npts_max=30000; allow_npts_policy_excluded=true
peer_expansion_30k,RSN5745_IWATE_YMT002EW,all,1.0,1.0,PEER result_id=59; expansion_npts_max=30000; allow_npts_policy_excluded=true
peer_expansion_30k,RSN5745_IWATE_YMT002NS,all,1.0,1.0,PEER result_id=59; expansion_npts_max=30000; allow_npts_policy_excluded=true
peer_expansion_30k,RSN5760_IWATE_YMT017EW,all,1.0,1.0,PEER result_id=60; expansion_npts_max=30000; allow_npts_policy_excluded=true
peer_expansion_30k,RSN5760_IWATE_YMT017NS,all,1.0,1.0,PEER result_id=60; expansion_npts_max=30000; allow_npts_policy_excluded=true
peer_expansion_30k,RSN5836_SIERRA.MEX_EMO270,all,1.0,1.0,PEER result_id=71; expansion_npts_max=30000; allow_npts_policy_excluded=true
peer_expansion_30k,RSN5836_SIERRA.MEX_EMO360,all,1.0,1.0,PEER result_id=71; expansion_npts_max=30000; allow_npts_policy_excluded=true
peer_expansion_30k,RSN6886_DARFIELD_CACSN40E,all,1.0,1.0,PEER result_id=72; expansion_npts_max=30000; allow_npts_policy_excluded=true
peer_expansion_30k,RSN6886_DARFIELD_CACSN50W,all,1.0,1.0,PEER result_id=72; expansion_npts_max=30000; allow_npts_policy_excluded=true
peer_expansion_30k,RSN6893_DARFIELD_DFHSS17E,all,1.0,1.0,PEER result_id=73; expansion_npts_max=30000; allow_npts_policy_excluded=true
peer_expansion_30k,RSN6893_DARFIELD_DFHSS73W,all,1.0,1.0,PEER result_id=73; expansion_npts_max=30000; allow_npts_policy_excluded=true
peer_expansion_30k,RSN6952_DARFIELD_PPHSS33W,all,1.0,1.0,PEER result_id=77; expansion_npts_max=30000; allow_npts_policy_excluded=true
peer_expansion_30k,RSN6952_DARFIELD_PPHSS57E,all,1.0,1.0,PEER result_id=77; expansion_npts_max=30000; allow_npts_policy_excluded=true
peer_expansion_30k,RSN6960_DARFIELD_RHSCN86W,all,1.0,1.0,PEER result_id=78; expansion_npts_max=30000; allow_npts_policy_excluded=true
peer_expansion_30k,RSN6960_DARFIELD_RHSCS04W,all,1.0,1.0,PEER result_id=78; expansion_npts_max=30000; allow_npts_policy_excluded=true
peer_expansion_30k,RSN6971_DARFIELD_SPFSN17E,all,1.0,1.0,PEER result_id=81; expansion_npts_max=30000; allow_npts_policy_excluded=true
peer_expansion_30k,RSN6971_DARFIELD_SPFSN73W,all,1.0,1.0,PEER result_id=81; expansion_npts_max=30000; allow_npts_policy_excluded=true
