record_id,source,database,event_name,event_year,station_name,station_id,component,component_angle_deg,tectonic_region,magnitude,mechanism,rrup_km,rjb_km,rx_km,vs30_m_per_s,site_class,dt_sec,npts,duration_sec,raw_units,processed_units,pga_g,pgv_cm_s,arias_intensity,significant_duration_5_95_sec,scale_factor,raw_file,processed_file,scaled_file,download_url,citation,license_notes,usable,notes
RSN15_KERN_TAF021,PEER,NGA-West2,Kern County,1952,Taft Lincoln School,RSN15,TAF021,21,,7.36,Reverse,38.89,38.42,,385.43,C,0.01,5435,54.34,g,in/sec^2,0.1588854,15.22222,0.6,30.3,1.0,raw/RSN15_KERN_TAF021.AT2,processed/RSN15_KERN_TAF021_in_per_sec2.txt,,,PEER NGA-West2 ground motion database,User-provided PEER download; follow PEER terms of use.,True,Imported from MLEarthquakeRecords.zip; PEER result_id=1; horizontal_component=1; vertical_file=RSN15_KERN_TAF-UP.AT2
RSN15_KERN_TAF111,PEER,NGA-West2,Kern County,1952,Taft Lincoln School,RSN15,TAF111,111,,7.36,Reverse,38.89,38.42,,385.43,C,0.01,5437,54.36,g,in/sec^2,0.1802857,18.61704,0.6,30.3,1.0,raw/RSN15_KERN_TAF111.AT2,processed/RSN15_KERN_TAF111_in_per_sec2.txt,,,PEER NGA-West2 ground motion database,User-provided PEER download; follow PEER terms of use.,True,Imported from MLEarthquakeRecords.zip; PEER result_id=1; horizontal_component=2; vertical_file=RSN15_KERN_TAF-UP.AT2
RSN88_SFERN_FSD172,PEER,NGA-West2,San Fernando,1971,Santa Felita Dam (Outlet),RSN88,FSD172,172,,6.61,Reverse,24.87,24.69,,389.0,C,0.005,8000,39.995,g,in/sec^2,0.1548748,10.73804,0.2,23.6,1.0,raw/RSN88_SFERN_FSD172.AT2,processed/RSN88_SFERN_FSD172_in_per_sec2.txt,,,PEER NGA-West2 ground motion database,User-provided PEER download; follow PEER terms of use.,True,Imported from MLEarthquakeRecords.zip; PEER result_id=2; horizontal_component=1; vertical_file=RSN88_SFERN_FSD-UP.AT2
RSN88_SFERN_FSD262,PEER,NGA-West2,San Fernando,1971,Santa Felita Dam (Outlet),RSN88,FSD262,262,,6.61,Reverse,24.87,24.69,,389.0,C,0.005,8000,39.995,g,in/sec^2,0.1548368,6.704739,0.2,23.6,1.0,raw/RSN88_SFERN_FSD262.AT2,processed/RSN88_SFERN_FSD262_in_per_sec2.txt,,,PEER NGA-West2 ground motion database,User-provided PEER download; follow PEER terms of use.,True,Imported from MLEarthquakeRecords.zip; PEER result_id=2; horizontal_component=2; vertical_file=RSN88_SFERN_FSD-UP.AT2
RSN93_SFERN_WND143,PEER,NGA-West2,San Fernando,1971,Whittier Narrows Dam,RSN93,WND143,143,,6.61,Reverse,39.45,39.45,,298.68,D,0.005,8000,39.995,g,in/sec^2,0.1012071,10.12987,0.2,21.5,1.0,raw/RSN93_SFERN_WND143.AT2,processed/RSN93_SFERN_WND143_in_per_sec2.txt,,,PEER NGA-West2 ground motion database,User-provided PEER download; follow PEER terms of use.,True,Imported from MLEarthquakeRecords.zip; PEER result_id=3; horizontal_component=1; vertical_file=RSN93_SFERN_WNDDWN.AT2
RSN93_SFERN_WND233,PEER,NGA-West2,San Fernando,1971,Whittier Narrows Dam,RSN93,WND233,233,,6.61,Reverse,39.45,39.45,,298.68,D,0.005,8000,39.995,g,in/sec^2,0.1080762,10.549,0.2,21.5,1.0,raw/RSN93_SFERN_WND233.AT2,processed/RSN93_SFERN_WND233_in_per_sec2.txt,,,PEER NGA-West2 ground motion database,User-provided PEER download; follow PEER terms of use.,True,Imported from MLEarthquakeRecords.zip; PEER result_id=3; horizontal_component=2; vertical_file=RSN93_SFERN_WNDDWN.AT2
RSN167_IMPVALL.H_H-CMP015,PEER,NGA-West2,Imperial Valley-06,1979,Compuertas,RSN167,H-CMP015,15,,6.53,strike slip,15.3,13.52,,259.86,D,0.01,5703,57.02,g,in/sec^2,0.1866391,13.77289,0.4,28.7,1.0,raw/RSN167_IMPVALL.H_H-CMP015.AT2,processed/RSN167_IMPVALL.H_H-CMP015_in_per_sec2.txt,,,PEER NGA-West2 ground motion database,User-provided PEER download; follow PEER terms of use.,True,Imported from MLEarthquakeRecords.zip; PEER result_id=4; horizontal_component=1; vertical_file=RSN167_IMPVALL.H_H-CMPDWN.AT2
RSN167_IMPVALL.H_H-CMP285,PEER,NGA-West2,Imperial Valley-06,1979,Compuertas,RSN167,H-CMP285,285,,6.53,strike slip,15.3,13.52,,259.86,D,0.01,5703,57.02,g,in/sec^2,0.1470701,9.313275,0.4,28.7,1.0,raw/RSN167_IMPVALL.H_H-CMP285.AT2,processed/RSN167_IMPVALL.H_H-CMP285_in_per_sec2.txt,,,PEER NGA-West2 ground motion database,User-provided PEER download; follow PEER terms of use.,True,Imported from MLEarthquakeRecords.zip; PEER result_id=4; horizontal_component=2; vertical_file=RSN167_IMPVALL.H_H-CMPDWN.AT2
RSN290_ITALY_A-MER000,PEER,NGA-West2,Irpinia_ Italy-01,1980,Mercato San Severino,RSN290,A-MER000,0,,6.9,Normal,29.8,29.79,,428.57,C,0.0029,14712,42.661899999999996,g,in/sec^2,0.1075987,7.129829,0.5,26.7,1.0,raw/RSN290_ITALY_A-MER000.AT2,processed/RSN290_ITALY_A-MER000_in_per_sec2.txt,,,PEER NGA-West2 ground motion database,User-provided PEER download; follow PEER terms of use.,True,Imported from MLEarthquakeRecords.zip; PEER result_id=5; horizontal_component=1; vertical_file=RSN290_ITALY_A-MER-UP.AT2
RSN290_ITALY_A-MER270,PEER,NGA-West2,Irpinia_ Italy-01,1980,Mercato San Severino,RSN290,A-MER270,270,,6.9,Normal,29.8,29.79,,428.57,C,0.0029,14712,42.661899999999996,g,in/sec^2,0.1404749,11.82546,0.5,26.7,1.0,raw/RSN290_ITALY_A-MER270.AT2,processed/RSN290_ITALY_A-MER270_in_per_sec2.txt,,,PEER NGA-West2 ground motion database,User-provided PEER download; follow PEER terms of use.,True,Imported from MLEarthquakeRecords.zip; PEER result_id=5; horizontal_component=2; vertical_file=RSN290_ITALY_A-MER-UP.AT2
RSN776_LOMAP_HSP000,PEER,NGA-West2,Loma Prieta,1989,Hollister - South & Pine,RSN776,HSP000,0,,6.93,Reverse Oblique,27.93,27.67,,282.14,D,0.005,11999,59.99,g,in/sec^2,0.3699329,62.96626,2.2,28.8,1.0,raw/RSN776_LOMAP_HSP000.AT2,processed/RSN776_LOMAP_HSP000_in_per_sec2.txt,,,PEER NGA-West2 ground motion database,User-provided PEER download; follow PEER terms of use.,True,Imported from MLEarthquakeRecords.zip; PEER result_id=6; horizontal_component=1; vertical_file=RSN776_LOMAP_HSP-UP.AT2
RSN776_LOMAP_HSP090,PEER,NGA-West2,Loma Prieta,1989,Hollister - South & Pine,RSN776,HSP090,90,,6.93,Reverse Oblique,27.93,27.67,,282.14,D,0.005,11999,59.99,g,in/sec^2,0.1786514,30.88744,2.2,28.8,1.0,raw/RSN776_LOMAP_HSP090.AT2,processed/RSN776_LOMAP_HSP090_in_per_sec2.txt,,,PEER NGA-West2 ground motion database,User-provided PEER download; follow PEER terms of use.,True,Imported from MLEarthquakeRecords.zip; PEER result_id=6; horizontal_component=2; vertical_file=RSN776_LOMAP_HSP-UP.AT2
RSN800_LOMAP_SJW160,PEER,NGA-West2,Loma Prieta,1989,Salinas - John & Work,RSN800,SJW160,160,,6.93,Reverse Oblique,32.78,28.66,,279.56,D,0.005,7999,39.99,g,in/sec^2,0.09151736,11.85928,0.2,21.5,1.0,raw/RSN800_LOMAP_SJW160.AT2,processed/RSN800_LOMAP_SJW160_in_per_sec2.txt,,,PEER NGA-West2 ground motion database,User-provided PEER download; follow PEER terms of use.,True,Imported from MLEarthquakeRecords.zip; PEER result_id=7; horizontal_component=1; vertical_file=RSN800_LOMAP_SJW-UP.AT2
RSN800_LOMAP_SJW250,PEER,NGA-West2,Loma Prieta,1989,Salinas - John & Work,RSN800,SJW250,250,,6.93,Reverse Oblique,32.78,28.66,,279.56,D,0.005,7998,39.985,g,in/sec^2,0.1123007,16.23184,0.2,21.5,1.0,raw/RSN800_LOMAP_SJW250.AT2,processed/RSN800_LOMAP_SJW250_in_per_sec2.txt,,,PEER NGA-West2 ground motion database,User-provided PEER download; follow PEER terms of use.,True,Imported from MLEarthquakeRecords.zip; PEER result_id=7; horizontal_component=2; vertical_file=RSN800_LOMAP_SJW-UP.AT2
RSN806_LOMAP_SVL270,PEER,NGA-West2,Loma Prieta,1989,Sunnyvale - Colton Ave.,RSN806,SVL270,270,,6.93,Reverse Oblique,24.23,23.92,,267.71,D,0.005,7858,39.285000000000004,g,in/sec^2,0.2073666,38.67793,0.8,25.3,1.0,raw/RSN806_LOMAP_SVL270.AT2,processed/RSN806_LOMAP_SVL270_in_per_sec2.txt,,,PEER NGA-West2 ground motion database,User-provided PEER download; follow PEER terms of use.,True,Imported from MLEarthquakeRecords.zip; PEER result_id=8; horizontal_component=1; vertical_file=RSN806_LOMAP_SVL-UP.AT2
RSN806_LOMAP_SVL360,PEER,NGA-West2,Loma Prieta,1989,Sunnyvale - Colton Ave.,RSN806,SVL360,360,,6.93,Reverse Oblique,24.23,23.92,,267.71,D,0.005,7863,39.31,g,in/sec^2,0.2072397,37.00722,0.8,25.3,1.0,raw/RSN806_LOMAP_SVL360.AT2,processed/RSN806_LOMAP_SVL360_in_per_sec2.txt,,,PEER NGA-West2 ground motion database,User-provided PEER download; follow PEER terms of use.,True,Imported from MLEarthquakeRecords.zip; PEER result_id=8; horizontal_component=2; vertical_file=RSN806_LOMAP_SVL-UP.AT2
RSN838_LANDERS_BRS000,PEER,NGA-West2,Landers,1992,Barstow,RSN838,BRS000,0,,7.28,strike slip,34.86,34.86,,370.08,C,0.02,2000,39.980000000000004,g,in/sec^2,0.1304591,20.43698,0.2,21.3,1.0,raw/RSN838_LANDERS_BRS000.AT2,processed/RSN838_LANDERS_BRS000_in_per_sec2.txt,,,PEER NGA-West2 ground motion database,User-provided PEER download; follow PEER terms of use.,True,Imported from MLEarthquakeRecords.zip; PEER result_id=9; horizontal_component=1; vertical_file=RSN838_LANDERS_BRS-UP.AT2
RSN838_LANDERS_BRS090,PEER,NGA-West2,Landers,1992,Barstow,RSN838,BRS090,90,,7.28,strike slip,34.86,34.86,,370.08,C,0.02,2000,39.980000000000004,g,in/sec^2,0.1354495,25.02897,0.2,21.3,1.0,raw/RSN838_LANDERS_BRS090.AT2,processed/RSN838_LANDERS_BRS090_in_per_sec2.txt,,,PEER NGA-West2 ground motion database,User-provided PEER download; follow PEER terms of use.,True,Imported from MLEarthquakeRecords.zip; PEER result_id=9; horizontal_component=2; vertical_file=RSN838_LANDERS_BRS-UP.AT2
RSN850_LANDERS_DSP000,PEER,NGA-West2,Landers,1992,Desert Hot Springs,RSN850,DSP000,0,,7.28,strike slip,21.78,21.78,,359.0,D,0.02,2500,49.980000000000004,g,in/sec^2,0.1712281,19.44574,0.7,31.7,1.0,raw/RSN850_LANDERS_DSP000.AT2,processed/RSN850_LANDERS_DSP000_in_per_sec2.txt,,,PEER NGA-West2 ground motion database,User-provided PEER download; follow PEER terms of use.,True,Imported from MLEarthquakeRecords.zip; PEER result_id=10; horizontal_component=1; vertical_file=RSN850_LANDERS_DSP-UP.AT2
RSN850_LANDERS_DSP090,PEER,NGA-West2,Landers,1992,Desert Hot Springs,RSN850,DSP090,90,,7.28,strike slip,21.78,21.78,,359.0,D,0.02,2500,49.980000000000004,g,in/sec^2,0.1540606,20.86655,0.7,31.7,1.0,raw/RSN850_LANDERS_DSP090.AT2,processed/RSN850_LANDERS_DSP090_in_per_sec2.txt,,,PEER NGA-West2 ground motion database,User-provided PEER download; follow PEER terms of use.,True,Imported from MLEarthquakeRecords.zip; PEER result_id=10; horizontal_component=2; vertical_file=RSN850_LANDERS_DSP-UP.AT2
RSN864_LANDERS_JOS000,PEER,NGA-West2,Landers,1992,Joshua Tree,RSN864,JOS000,0,,7.28,strike slip,11.03,11.03,,379.32,C,0.02,2200,43.980000000000004,g,in/sec^2,0.2735839,27.00758,2.3,27.1,1.0,raw/RSN864_LANDERS_JOS000.AT2,processed/RSN864_LANDERS_JOS000_in_per_sec2.txt,,,PEER NGA-West2 ground motion database,User-provided PEER download; follow PEER terms of use.,True,Imported from MLEarthquakeRecords.zip; PEER result_id=11; horizontal_component=1; vertical_file=RSN864_LANDERS_JOS-UP.AT2
RSN864_LANDERS_JOS090,PEER,NGA-West2,Landers,1992,Joshua Tree,RSN864,JOS090,90,,7.28,strike slip,11.03,11.03,,379.32,C,0.02,2200,43.980000000000004,g,in/sec^2,0.2839498,42.5707,2.3,27.1,1.0,raw/RSN864_LANDERS_JOS090.AT2,processed/RSN864_LANDERS_JOS090_in_per_sec2.txt,,,PEER NGA-West2 ground motion database,User-provided PEER download; follow PEER terms of use.,True,Imported from MLEarthquakeRecords.zip; PEER result_id=11; horizontal_component=2; vertical_file=RSN864_LANDERS_JOS-UP.AT2
RSN880_LANDERS_MCF000,PEER,NGA-West2,Landers,1992,Mission Creek Fault,RSN880,MCF000,0,,7.28,strike slip,26.96,26.96,,355.42,D,0.005,19963,99.81,g,in/sec^2,0.1262028,6.798506,0.4,40.8,1.0,raw/RSN880_LANDERS_MCF000.AT2,processed/RSN880_LANDERS_MCF000_in_per_sec2.txt,,,PEER NGA-West2 ground motion database,User-provided PEER download; follow PEER terms of use.,True,Imported from MLEarthquakeRecords.zip; PEER result_id=12; horizontal_component=1; vertical_file=RSN880_LANDERS_MCF-UP.AT2
RSN880_LANDERS_MCF090,PEER,NGA-West2,Landers,1992,Mission Creek Fault,RSN880,MCF090,90,,7.28,strike slip,26.96,26.96,,355.42,D,0.005,19963,99.81,g,in/sec^2,0.1315542,14.61663,0.4,40.8,1.0,raw/RSN880_LANDERS_MCF090.AT2,processed/RSN880_LANDERS_MCF090_in_per_sec2.txt,,,PEER NGA-West2 ground motion database,User-provided PEER download; follow PEER terms of use.,True,Imported from MLEarthquakeRecords.zip; PEER result_id=12; horizontal_component=2; vertical_file=RSN880_LANDERS_MCF-UP.AT2
RSN881_LANDERS_MVH045,PEER,NGA-West2,Landers,1992,Morongo Valley Fire Station,RSN881,MVH045,45,,7.28,strike slip,17.36,17.36,,396.41,C,0.005,11214,56.065,g,in/sec^2,0.2230478,29.929,1.2,31.9,1.0,raw/RSN881_LANDERS_MVH045.AT2,processed/RSN881_LANDERS_MVH045_in_per_sec2.txt,,,PEER NGA-West2 ground motion database,User-provided PEER download; follow PEER terms of use.,True,Imported from MLEarthquakeRecords.zip; PEER result_id=13; horizontal_component=1; vertical_file=RSN881_LANDERS_MVH-UP.AT2
RSN881_LANDERS_MVH135,PEER,NGA-West2,Landers,1992,Morongo Valley Fire Station,RSN881,MVH135,135,,7.28,strike slip,17.36,17.36,,396.41,C,0.005,11213,56.06,g,in/sec^2,0.1643045,22.20832,1.2,31.9,1.0,raw/RSN881_LANDERS_MVH135.AT2,processed/RSN881_LANDERS_MVH135_in_per_sec2.txt,,,PEER NGA-West2 ground motion database,User-provided PEER download; follow PEER terms of use.,True,Imported from MLEarthquakeRecords.zip; PEER result_id=13; horizontal_component=2; vertical_file=RSN881_LANDERS_MVH-UP.AT2
RSN882_LANDERS_FHS000,PEER,NGA-West2,Landers,1992,North Palm Springs,RSN882,FHS000,0,,7.28,strike slip,26.84,26.84,,344.67,D,0.005,19963,99.81,g,in/sec^2,0.1360124,11.15233,0.7,37.9,1.0,raw/RSN882_LANDERS_FHS000.AT2,processed/RSN882_LANDERS_FHS000_in_per_sec2.txt,,,PEER NGA-West2 ground motion database,User-provided PEER download; follow PEER terms of use.,True,Imported from MLEarthquakeRecords.zip; PEER result_id=14; horizontal_component=1; vertical_file=RSN882_LANDERS_FHS-UP.AT2
RSN882_LANDERS_FHS090,PEER,NGA-West2,Landers,1992,North Palm Springs,RSN882,FHS090,90,,7.28,strike slip,26.84,26.84,,344.67,D,0.005,19963,99.81,g,in/sec^2,0.1336656,14.52441,0.7,37.9,1.0,raw/RSN882_LANDERS_FHS090.AT2,processed/RSN882_LANDERS_FHS090_in_per_sec2.txt,,,PEER NGA-West2 ground motion database,User-provided PEER download; follow PEER terms of use.,True,Imported from MLEarthquakeRecords.zip; PEER result_id=14; horizontal_component=2; vertical_file=RSN882_LANDERS_FHS-UP.AT2
RSN884_LANDERS_PSA000,PEER,NGA-West2,Landers,1992,Palm Springs Airport,RSN884,PSA000,0,,7.28,strike slip,36.15,36.15,,312.47,D,0.02,3000,59.980000000000004,g,in/sec^2,0.07562214,10.76456,0.4,38.9,1.0,raw/RSN884_LANDERS_PSA000.AT2,processed/RSN884_LANDERS_PSA000_in_per_sec2.txt,,,PEER NGA-West2 ground motion database,User-provided PEER download; follow PEER terms of use.,True,Imported from MLEarthquakeRecords.zip; PEER result_id=15; horizontal_component=1; vertical_file=RSN884_LANDERS_PSA-UP.AT2
RSN884_LANDERS_PSA090,PEER,NGA-West2,Landers,1992,Palm Springs Airport,RSN884,PSA090,90,,7.28,strike slip,36.15,36.15,,312.47,D,0.02,3000,59.980000000000004,g,in/sec^2,0.08898473,13.90956,0.4,38.9,1.0,raw/RSN884_LANDERS_PSA090.AT2,processed/RSN884_LANDERS_PSA090_in_per_sec2.txt,,,PEER NGA-West2 ground motion database,User-provided PEER download; follow PEER terms of use.,True,Imported from MLEarthquakeRecords.zip; PEER result_id=15; horizontal_component=2; vertical_file=RSN884_LANDERS_PSA-UP.AT2
RSN1000_NORTHR_PIC090,PEER,NGA-West2,Northridge-01,1994,LA - Pico & Sentous,RSN1000,PIC090,90,,6.69,Reverse,31.33,27.82,,304.68,D,0.01,4000,39.99,g,in/sec^2,0.1029231,12.22096,0.3,20.1,1.0,raw/RSN1000_NORTHR_PIC090.AT2,processed/RSN1000_NORTHR_PIC090_in_per_sec2.txt,,,PEER NGA-West2 ground motion database,User-provided PEER download; follow PEER terms of use.,True,Imported from MLEarthquakeRecords.zip; PEER result_id=16; horizontal_component=1; vertical_file=RSN1000_NORTHR_PIC-UP.AT2
RSN1000_NORTHR_PIC180,PEER,NGA-West2,Northridge-01,1994,LA - Pico & Sentous,RSN1000,PIC180,180,,6.69,Reverse,31.33,27.82,,304.68,D,0.01,4000,39.99,g,in/sec^2,0.186259,14.22504,0.3,20.1,1.0,raw/RSN1000_NORTHR_PIC180.AT2,processed/RSN1000_NORTHR_PIC180_in_per_sec2.txt,,,PEER NGA-West2 ground motion database,User-provided PEER download; follow PEER terms of use.,True,Imported from MLEarthquakeRecords.zip; PEER result_id=16; horizontal_component=2; vertical_file=RSN1000_NORTHR_PIC-UP.AT2
RSN1002_NORTHR_VRM000,PEER,NGA-West2,Northridge-01,1994,LA - S. Vermont Ave,RSN1002,VRM000,0,,6.69,Reverse,32.27,27.89,,301.93,D,0.01,3743,37.42,g,in/sec^2,0.1372307,9.270316,0.3,21.0,1.0,raw/RSN1002_NORTHR_VRM000.AT2,processed/RSN1002_NORTHR_VRM000_in_per_sec2.txt,,,PEER NGA-West2 ground motion database,User-provided PEER download; follow PEER terms of use.,True,Imported from MLEarthquakeRecords.zip; PEER result_id=17; horizontal_component=1; vertical_file=RSN1002_NORTHR_VRM-UP.AT2
RSN1002_NORTHR_VRM090,PEER,NGA-West2,Northridge-01,1994,LA - S. Vermont Ave,RSN1002,VRM090,90,,6.69,Reverse,32.27,27.89,,301.93,D,0.01,3743,37.42,g,in/sec^2,0.06750731,6.489255,0.3,21.0,1.0,raw/RSN1002_NORTHR_VRM090.AT2,processed/RSN1002_NORTHR_VRM090_in_per_sec2.txt,,,PEER NGA-West2 ground motion database,User-provided PEER download; follow PEER terms of use.,True,Imported from MLEarthquakeRecords.zip; PEER result_id=17; horizontal_component=2; vertical_file=RSN1002_NORTHR_VRM-UP.AT2
RSN1008_NORTHR_W15090,PEER,NGA-West2,Northridge-01,1994,LA - W 15th St,RSN1008,W15090,,,6.69,Reverse,29.74,25.59,,329.52,D,0.01,3999,39.980000000000004,g,in/sec^2,0.09887105,13.61953,0.3,20.2,1.0,raw/RSN1008_NORTHR_W15090.AT2,processed/RSN1008_NORTHR_W15090_in_per_sec2.txt,,,PEER NGA-West2 ground motion database,User-provided PEER download; follow PEER terms of use.,True,Imported from MLEarthquakeRecords.zip; PEER result_id=18; horizontal_component=1; vertical_file=RSN1008_NORTHR_W15-UP.AT2
RSN1008_NORTHR_W15180,PEER,NGA-West2,Northridge-01,1994,LA - W 15th St,RSN1008,W15180,,,6.69,Reverse,29.74,25.59,,329.52,D,0.01,3999,39.980000000000004,g,in/sec^2,0.1732026,12.47803,0.3,20.2,1.0,raw/RSN1008_NORTHR_W15180.AT2,processed/RSN1008_NORTHR_W15180_in_per_sec2.txt,,,PEER NGA-West2 ground motion database,User-provided PEER download; follow PEER terms of use.,True,Imported from MLEarthquakeRecords.zip; PEER result_id=18; horizontal_component=2; vertical_file=RSN1008_NORTHR_W15-UP.AT2
RSN1026_NORTHR_LOA092,PEER,NGA-West2,Northridge-01,1994,Lawndale - Osage Ave,RSN1026,LOA092,92,,6.69,Reverse,39.91,34.31,,311.86,D,0.01,3999,39.980000000000004,g,in/sec^2,0.08135629,10.14826,0.2,23.3,1.0,raw/RSN1026_NORTHR_LOA092.AT2,processed/RSN1026_NORTHR_LOA092_in_per_sec2.txt,,,PEER NGA-West2 ground motion database,User-provided PEER download; follow PEER terms of use.,True,Imported from MLEarthquakeRecords.zip; PEER result_id=19; horizontal_component=1; vertical_file=RSN1026_NORTHR_LOA-UP.AT2
RSN1026_NORTHR_LOA182,PEER,NGA-West2,Northridge-01,1994,Lawndale - Osage Ave,RSN1026,LOA182,182,,6.69,Reverse,39.91,34.31,,311.86,D,0.01,3999,39.980000000000004,g,in/sec^2,0.1474703,9.049863,0.2,23.3,1.0,raw/RSN1026_NORTHR_LOA182.AT2,processed/RSN1026_NORTHR_LOA182_in_per_sec2.txt,,,PEER NGA-West2 ground motion database,User-provided PEER download; follow PEER terms of use.,True,Imported from MLEarthquakeRecords.zip; PEER result_id=19; horizontal_component=2; vertical_file=RSN1026_NORTHR_LOA-UP.AT2
RSN1035_NORTHR_MAN000,PEER,NGA-West2,Northridge-01,1994,Manhattan Beach - Manhattan,RSN1035,MAN000,0,,6.69,Reverse,39.29,33.56,,351.57,D,0.01,3499,34.980000000000004,g,in/sec^2,0.1561244,18.85195,0.2,20.4,1.0,raw/RSN1035_NORTHR_MAN000.AT2,processed/RSN1035_NORTHR_MAN000_in_per_sec2.txt,,,PEER NGA-West2 ground motion database,User-provided PEER download; follow PEER terms of use.,True,Imported from MLEarthquakeRecords.zip; PEER result_id=20; horizontal_component=1; vertical_file=RSN1035_NORTHR_MAN-UP.AT2
RSN1035_NORTHR_MAN090,PEER,NGA-West2,Northridge-01,1994,Manhattan Beach - Manhattan,RSN1035,MAN090,90,,6.69,Reverse,39.29,33.56,,351.57,D,0.01,3499,34.980000000000004,g,in/sec^2,0.1234834,11.27143,0.2,20.4,1.0,raw/RSN1035_NORTHR_MAN090.AT2,processed/RSN1035_NORTHR_MAN090_in_per_sec2.txt,,,PEER NGA-West2 ground motion database,User-provided PEER download; follow PEER terms of use.,True,Imported from MLEarthquakeRecords.zip; PEER result_id=20; horizontal_component=2; vertical_file=RSN1035_NORTHR_MAN-UP.AT2
RSN1057_NORTHR_SAR000,PEER,NGA-West2,Northridge-01,1994,Playa Del Rey - Saran,RSN1057,SAR000,0,,6.69,Reverse,31.74,24.42,,345.72,D,0.01,4499,44.980000000000004,g,in/sec^2,0.1434895,15.31823,0.3,29.7,1.0,raw/RSN1057_NORTHR_SAR000.AT2,processed/RSN1057_NORTHR_SAR000_in_per_sec2.txt,,,PEER NGA-West2 ground motion database,User-provided PEER download; follow PEER terms of use.,True,Imported from MLEarthquakeRecords.zip; PEER result_id=21; horizontal_component=1; vertical_file=RSN1057_NORTHR_SAR-UP.AT2
RSN1057_NORTHR_SAR270,PEER,NGA-West2,Northridge-01,1994,Playa Del Rey - Saran,RSN1057,SAR270,270,,6.69,Reverse,31.74,24.42,,345.72,D,0.01,4499,44.980000000000004,g,in/sec^2,0.07005391,15.23449,0.3,29.7,1.0,raw/RSN1057_NORTHR_SAR270.AT2,processed/RSN1057_NORTHR_SAR270_in_per_sec2.txt,,,PEER NGA-West2 ground motion database,User-provided PEER download; follow PEER terms of use.,True,Imported from MLEarthquakeRecords.zip; PEER result_id=21; horizontal_component=2; vertical_file=RSN1057_NORTHR_SAR-UP.AT2
RSN1100_KOBE_ABN000,PEER,NGA-West2,Kobe_ Japan,1995,Abeno,RSN1100,ABN000,0,,6.9,strike slip,24.85,24.85,,256.0,D,0.01,14000,139.99,g,in/sec^2,0.2206335,21.23796,0.6,56.4,1.0,raw/RSN1100_KOBE_ABN000.AT2,processed/RSN1100_KOBE_ABN000_in_per_sec2.txt,,,PEER NGA-West2 ground motion database,User-provided PEER download; follow PEER terms of use.,True,Imported from MLEarthquakeRecords.zip; PEER result_id=22; horizontal_component=1; vertical_file=RSN1100_KOBE_ABN-UP.AT2
RSN1100_KOBE_ABN090,PEER,NGA-West2,Kobe_ Japan,1995,Abeno,RSN1100,ABN090,90,,6.9,strike slip,24.85,24.85,,256.0,D,0.01,14000,139.99,g,in/sec^2,0.2309085,24.76369,0.6,56.4,1.0,raw/RSN1100_KOBE_ABN090.AT2,processed/RSN1100_KOBE_ABN090_in_per_sec2.txt,,,PEER NGA-West2 ground motion database,User-provided PEER download; follow PEER terms of use.,True,Imported from MLEarthquakeRecords.zip; PEER result_id=22; horizontal_component=2; vertical_file=RSN1100_KOBE_ABN-UP.AT2
RSN1104_KOBE_FKS000,PEER,NGA-West2,Kobe_ Japan,1995,Fukushima,RSN1104,FKS000,0,,6.9,strike slip,17.85,17.85,,256.0,D,0.01,8000,79.99,g,in/sec^2,0.1845571,31.38868,1.4,35.7,1.0,raw/RSN1104_KOBE_FKS000.AT2,processed/RSN1104_KOBE_FKS000_in_per_sec2.txt,,,PEER NGA-West2 ground motion database,User-provided PEER download; follow PEER terms of use.,True,Imported from MLEarthquakeRecords.zip; PEER result_id=23; horizontal_component=1; vertical_file=RSN1104_KOBE_FKS-UP.AT2
RSN1104_KOBE_FKS090,PEER,NGA-West2,Kobe_ Japan,1995,Fukushima,RSN1104,FKS090,90,,6.9,strike slip,17.85,17.85,,256.0,D,0.01,8000,79.99,g,in/sec^2,0.2150938,30.74546,1.4,35.7,1.0,raw/RSN1104_KOBE_FKS090.AT2,processed/RSN1104_KOBE_FKS090_in_per_sec2.txt,,,PEER NGA-West2 ground motion database,User-provided PEER download; follow PEER terms of use.,True,Imported from MLEarthquakeRecords.zip; PEER result_id=23; horizontal_component=2; vertical_file=RSN1104_KOBE_FKS-UP.AT2
RSN1110_KOBE_MRG000,PEER,NGA-West2,Kobe_ Japan,1995,Morigawachi,RSN1110,MRG000,0,,6.9,strike slip,24.78,24.78,,256.0,D,0.01,19806,198.05,g,in/sec^2,0.2141032,27.03476,1.2,55.2,1.0,raw/RSN1110_KOBE_MRG000.AT2,processed/RSN1110_KOBE_MRG000_in_per_sec2.txt,,,PEER NGA-West2 ground motion database,User-provided PEER download; follow PEER terms of use.,True,Imported from MLEarthquakeRecords.zip; PEER result_id=24; horizontal_component=1; vertical_file=RSN1110_KOBE_MRG-UP.AT2
RSN1110_KOBE_MRG090,PEER,NGA-West2,Kobe_ Japan,1995,Morigawachi,RSN1110,MRG090,90,,6.9,strike slip,24.78,24.78,,256.0,D,0.01,19806,198.05,g,in/sec^2,0.1270065,23.69651,1.2,55.2,1.0,raw/RSN1110_KOBE_MRG090.AT2,processed/RSN1110_KOBE_MRG090_in_per_sec2.txt,,,PEER NGA-West2 ground motion database,User-provided PEER download; follow PEER terms of use.,True,Imported from MLEarthquakeRecords.zip; PEER result_id=24; horizontal_component=2; vertical_file=RSN1110_KOBE_MRG-UP.AT2
RSN1118_KOBE_TDO000,PEER,NGA-West2,Kobe_ Japan,1995,Tadoka,RSN1118,TDO000,0,,6.9,strike slip,31.69,31.69,,312.0,D,0.01,14000,139.99,g,in/sec^2,0.2960222,24.47731,1.4,43.8,1.0,raw/RSN1118_KOBE_TDO000.AT2,processed/RSN1118_KOBE_TDO000_in_per_sec2.txt,,,PEER NGA-West2 ground motion database,User-provided PEER download; follow PEER terms of use.,True,Imported from MLEarthquakeRecords.zip; PEER result_id=25; horizontal_component=1; vertical_file=RSN1118_KOBE_TDO-UP.AT2
RSN1118_KOBE_TDO090,PEER,NGA-West2,Kobe_ Japan,1995,Tadoka,RSN1118,TDO090,90,,6.9,strike slip,31.69,31.69,,312.0,D,0.01,14000,139.99,g,in/sec^2,0.1942156,14.71225,1.4,43.8,1.0,raw/RSN1118_KOBE_TDO090.AT2,processed/RSN1118_KOBE_TDO090_in_per_sec2.txt,,,PEER NGA-West2 ground motion database,User-provided PEER download; follow PEER terms of use.,True,Imported from MLEarthquakeRecords.zip; PEER result_id=25; horizontal_component=2; vertical_file=RSN1118_KOBE_TDO-UP.AT2
RSN1121_KOBE_YAE000,PEER,NGA-West2,Kobe_ Japan,1995,Yae,RSN1121,YAE000,0,,6.9,strike slip,27.77,27.77,,256.0,D,0.01,8903,89.02,g,in/sec^2,0.1576342,21.18227,1.1,44.2,1.0,raw/RSN1121_KOBE_YAE000.AT2,processed/RSN1121_KOBE_YAE000_in_per_sec2.txt,,,PEER NGA-West2 ground motion database,User-provided PEER download; follow PEER terms of use.,True,Imported from MLEarthquakeRecords.zip; PEER result_id=26; horizontal_component=1; vertical_file=RSN1121_KOBE_YAE-UP.AT2
RSN1121_KOBE_YAE090,PEER,NGA-West2,Kobe_ Japan,1995,Yae,RSN1121,YAE090,90,,6.9,strike slip,27.77,27.77,,256.0,D,0.01,8903,89.02,g,in/sec^2,0.1472147,21.72415,1.1,44.2,1.0,raw/RSN1121_KOBE_YAE090.AT2,processed/RSN1121_KOBE_YAE090_in_per_sec2.txt,,,PEER NGA-West2 ground motion database,User-provided PEER download; follow PEER terms of use.,True,Imported from MLEarthquakeRecords.zip; PEER result_id=26; horizontal_component=2; vertical_file=RSN1121_KOBE_YAE-UP.AT2
RSN3753_LANDERS_FVR045,PEER,NGA-West2,Landers,1992,Fun Valley,RSN3753,FVR045,45,,7.28,strike slip,25.02,25.02,,388.63,C,0.005,11293,56.46,g,in/sec^2,0.2158879,24.14481,1.2,29.6,1.0,raw/RSN3753_LANDERS_FVR045.AT2,processed/RSN3753_LANDERS_FVR045_in_per_sec2.txt,,,PEER NGA-West2 ground motion database,User-provided PEER download; follow PEER terms of use.,True,Imported from MLEarthquakeRecords.zip; PEER result_id=27; horizontal_component=1; vertical_file=RSN3753_LANDERS_FVR-UP.AT2
RSN3753_LANDERS_FVR135,PEER,NGA-West2,Landers,1992,Fun Valley,RSN3753,FVR135,135,,7.28,strike slip,25.02,25.02,,388.63,C,0.005,11292,56.455,g,in/sec^2,0.2061067,17.39114,1.2,29.6,1.0,raw/RSN3753_LANDERS_FVR135.AT2,processed/RSN3753_LANDERS_FVR135_in_per_sec2.txt,,,PEER NGA-West2 ground motion database,User-provided PEER download; follow PEER terms of use.,True,Imported from MLEarthquakeRecords.zip; PEER result_id=27; horizontal_component=2; vertical_file=RSN3753_LANDERS_FVR-UP.AT2
RSN3757_LANDERS_NPF090,PEER,NGA-West2,Landers,1992,North Palm Springs Fire Sta #36,RSN3757,NPF090,90,,7.28,strike slip,26.95,26.95,,367.84,C,0.005,11176,55.875,g,in/sec^2,0.1389106,14.59827,0.7,35.9,1.0,raw/RSN3757_LANDERS_NPF090.AT2,processed/RSN3757_LANDERS_NPF090_in_per_sec2.txt,,,PEER NGA-West2 ground motion database,User-provided PEER download; follow PEER terms of use.,True,Imported from MLEarthquakeRecords.zip; PEER result_id=28; horizontal_component=1; vertical_file=RSN3757_LANDERS_NPF-UP.AT2
RSN3757_LANDERS_NPF180,PEER,NGA-West2,Landers,1992,North Palm Springs Fire Sta #36,RSN3757,NPF180,180,,7.28,strike slip,26.95,26.95,,367.84,C,0.005,11176,55.875,g,in/sec^2,0.1386994,11.53186,0.7,35.9,1.0,raw/RSN3757_LANDERS_NPF180.AT2,processed/RSN3757_LANDERS_NPF180_in_per_sec2.txt,,,PEER NGA-West2 ground motion database,User-provided PEER download; follow PEER terms of use.,True,Imported from MLEarthquakeRecords.zip; PEER result_id=28; horizontal_component=2; vertical_file=RSN3757_LANDERS_NPF-UP.AT2
RSN3758_LANDERS_TPP045,PEER,NGA-West2,Landers,1992,Thousand Palms Post Office,RSN3758,TPP045,45,,7.28,strike slip,36.93,36.93,,333.89,D,0.005,11383,56.910000000000004,g,in/sec^2,0.1003222,20.1809,0.5,38.7,1.0,raw/RSN3758_LANDERS_TPP045.AT2,processed/RSN3758_LANDERS_TPP045_in_per_sec2.txt,,,PEER NGA-West2 ground motion database,User-provided PEER download; follow PEER terms of use.,True,Imported from MLEarthquakeRecords.zip; PEER result_id=29; horizontal_component=1; vertical_file=RSN3758_LANDERS_TPP-UP.AT2
RSN3758_LANDERS_TPP135,PEER,NGA-West2,Landers,1992,Thousand Palms Post Office,RSN3758,TPP135,135,,7.28,strike slip,36.93,36.93,,333.89,D,0.005,11383,56.910000000000004,g,in/sec^2,0.1163723,13.84353,0.5,38.7,1.0,raw/RSN3758_LANDERS_TPP135.AT2,processed/RSN3758_LANDERS_TPP135_in_per_sec2.txt,,,PEER NGA-West2 ground motion database,User-provided PEER download; follow PEER terms of use.,True,Imported from MLEarthquakeRecords.zip; PEER result_id=29; horizontal_component=2; vertical_file=RSN3758_LANDERS_TPP-UP.AT2
RSN3759_LANDERS_WWT180,PEER,NGA-West2,Landers,1992,Whitewater Trout Farm,RSN3759,WWT180,180,,7.28,strike slip,27.05,27.05,,425.02,C,0.005,11320,56.595,g,in/sec^2,0.1228121,9.770635,0.6,33.4,1.0,raw/RSN3759_LANDERS_WWT180.AT2,processed/RSN3759_LANDERS_WWT180_in_per_sec2.txt,,,PEER NGA-West2 ground motion database,User-provided PEER download; follow PEER terms of use.,True,Imported from MLEarthquakeRecords.zip; PEER result_id=30; horizontal_component=1; vertical_file=RSN3759_LANDERS_WWT-UP.AT2
RSN3759_LANDERS_WWT270,PEER,NGA-West2,Landers,1992,Whitewater Trout Farm,RSN3759,WWT270,270,,7.28,strike slip,27.05,27.05,,425.02,C,0.005,11319,56.59,g,in/sec^2,0.1235068,6.815729,0.6,33.4,1.0,raw/RSN3759_LANDERS_WWT270.AT2,processed/RSN3759_LANDERS_WWT270_in_per_sec2.txt,,,PEER NGA-West2 ground motion database,User-provided PEER download; follow PEER terms of use.,True,Imported from MLEarthquakeRecords.zip; PEER result_id=30; horizontal_component=2; vertical_file=RSN3759_LANDERS_WWT-UP.AT2
RSN3884_TOTTORI_HRS021NS,PEER,NGA-West2,Tottori_ Japan,2000,HRS021,RSN3884,HRS021NS,,,6.61,strike slip,36.33,36.32,,409.29,C,0.01,29983,299.82,g,in/sec^2,0.254709,6.384159,1.3,20.6,1.0,raw/RSN3884_TOTTORI_HRS021NS.AT2,processed/RSN3884_TOTTORI_HRS021NS_in_per_sec2.txt,,,PEER NGA-West2 ground motion database,User-provided PEER download; follow PEER terms of use.,True,Imported from MLEarthquakeRecords.zip; PEER result_id=31; horizontal_component=1; vertical_file=RSN3884_TOTTORI_HRS021UD.AT2
RSN3884_TOTTORI_HRS021EW,PEER,NGA-West2,Tottori_ Japan,2000,HRS021,RSN3884,HRS021EW,,,6.61,strike slip,36.33,36.32,,409.29,C,0.01,29983,299.82,g,in/sec^2,0.2607513,6.868433,1.3,20.6,1.0,raw/RSN3884_TOTTORI_HRS021EW.AT2,processed/RSN3884_TOTTORI_HRS021EW_in_per_sec2.txt,,,PEER NGA-West2 ground motion database,User-provided PEER download; follow PEER terms of use.,True,Imported from MLEarthquakeRecords.zip; PEER result_id=31; horizontal_component=2; vertical_file=RSN3884_TOTTORI_HRS021UD.AT2
RSN3908_TOTTORI_OKY005NS,PEER,NGA-West2,Tottori_ Japan,2000,OKY005,RSN3908,OKY005NS,,,6.61,strike slip,28.82,28.81,,293.37,D,0.01,29980,299.79,g,in/sec^2,0.289002,12.40927,0.8,24.0,1.0,raw/RSN3908_TOTTORI_OKY005NS.AT2,processed/RSN3908_TOTTORI_OKY005NS_in_per_sec2.txt,,,PEER NGA-West2 ground motion database,User-provided PEER download; follow PEER terms of use.,True,Imported from MLEarthquakeRecords.zip; PEER result_id=32; horizontal_component=1; vertical_file=RSN3908_TOTTORI_OKY005UD.AT2
RSN3908_TOTTORI_OKY005EW,PEER,NGA-West2,Tottori_ Japan,2000,OKY005,RSN3908,OKY005EW,,,6.61,strike slip,28.82,28.81,,293.37,D,0.01,29980,299.79,g,in/sec^2,0.3371893,19.77807,0.8,24.0,1.0,raw/RSN3908_TOTTORI_OKY005EW.AT2,processed/RSN3908_TOTTORI_OKY005EW_in_per_sec2.txt,,,PEER NGA-West2 ground motion database,User-provided PEER download; follow PEER terms of use.,True,Imported from MLEarthquakeRecords.zip; PEER result_id=32; horizontal_component=2; vertical_file=RSN3908_TOTTORI_OKY005UD.AT2
RSN3936_TOTTORI_SMN004NS,PEER,NGA-West2,Tottori_ Japan,2000,SMN004,RSN3936,SMN004NS,,,6.61,strike slip,34.64,34.64,,281.4,D,0.01,29980,299.79,g,in/sec^2,0.1417497,8.607606,0.4,21.1,1.0,raw/RSN3936_TOTTORI_SMN004NS.AT2,processed/RSN3936_TOTTORI_SMN004NS_in_per_sec2.txt,,,PEER NGA-West2 ground motion database,User-provided PEER download; follow PEER terms of use.,True,Imported from MLEarthquakeRecords.zip; PEER result_id=33; horizontal_component=1; vertical_file=RSN3936_TOTTORI_SMN004UD.AT2
RSN3936_TOTTORI_SMN004EW,PEER,NGA-West2,Tottori_ Japan,2000,SMN004,RSN3936,SMN004EW,,,6.61,strike slip,34.64,34.64,,281.4,D,0.01,29980,299.79,g,in/sec^2,0.181722,5.226773,0.4,21.1,1.0,raw/RSN3936_TOTTORI_SMN004EW.AT2,processed/RSN3936_TOTTORI_SMN004EW_in_per_sec2.txt,,,PEER NGA-West2 ground motion database,User-provided PEER download; follow PEER terms of use.,True,Imported from MLEarthquakeRecords.zip; PEER result_id=33; horizontal_component=2; vertical_file=RSN3936_TOTTORI_SMN004UD.AT2
RSN3969_TOTTORI_TTRH04NS,PEER,NGA-West2,Tottori_ Japan,2000,TTRH04,RSN3969,TTRH04NS,,,6.61,strike slip,32.75,32.75,,254.26,D,0.005,60000,299.995,g,in/sec^2,0.1875716,16.85575,0.5,21.7,1.0,raw/RSN3969_TOTTORI_TTRH04NS.AT2,processed/RSN3969_TOTTORI_TTRH04NS_in_per_sec2.txt,,,PEER NGA-West2 ground motion database,User-provided PEER download; follow PEER terms of use.,True,Imported from MLEarthquakeRecords.zip; PEER result_id=34; horizontal_component=1; vertical_file=RSN3969_TOTTORI_TTRH04UD.AT2
RSN3969_TOTTORI_TTRH04EW,PEER,NGA-West2,Tottori_ Japan,2000,TTRH04,RSN3969,TTRH04EW,,,6.61,strike slip,32.75,32.75,,254.26,D,0.005,60000,299.995,g,in/sec^2,0.2101867,12.49544,0.5,21.7,1.0,raw/RSN3969_TOTTORI_TTRH04EW.AT2,processed/RSN3969_TOTTORI_TTRH04EW_in_per_sec2.txt,,,PEER NGA-West2 ground motion database,User-provided PEER download; follow PEER terms of use.,True,Imported from MLEarthquakeRecords.zip; PEER result_id=34; horizontal_component=2; vertical_file=RSN3969_TOTTORI_TTRH04UD.AT2
RSN4840_CHUETSU_65003NS,PEER,NGA-West2,Chuetsu-oki_ Japan,2007,Joetsu Kita,RSN4840,65003NS,,,6.8,Reverse,29.45,28.97,,334.01,D,0.01,6000,59.99,g,in/sec^2,0.09089093,12.97351,0.4,30.8,1.0,raw/RSN4840_CHUETSU_65003NS.AT2,processed/RSN4840_CHUETSU_65003NS_in_per_sec2.txt,,,PEER NGA-West2 ground motion database,User-provided PEER download; follow PEER terms of use.,True,Imported from MLEarthquakeRecords.zip; PEER result_id=35; horizontal_component=1; vertical_file=RSN4840_CHUETSU_65003UD.AT2
RSN4840_CHUETSU_65003EW,PEER,NGA-West2,Chuetsu-oki_ Japan,2007,Joetsu Kita,RSN4840,65003EW,,,6.8,Reverse,29.45,28.97,,334.01,D,0.01,6000,59.99,g,in/sec^2,0.1762763,25.69651,0.4,30.8,1.0,raw/RSN4840_CHUETSU_65003EW.AT2,processed/RSN4840_CHUETSU_65003EW_in_per_sec2.txt,,,PEER NGA-West2 ground motion database,User-provided PEER download; follow PEER terms of use.,True,Imported from MLEarthquakeRecords.zip; PEER result_id=35; horizontal_component=2; vertical_file=RSN4840_CHUETSU_65003UD.AT2
RSN4849_CHUETSU_65012NS,PEER,NGA-West2,Chuetsu-oki_ Japan,2007,Kubikiku Hyakken Joetsu City,RSN4849,65012NS,,,6.8,Reverse,22.18,20.71,,342.74,D,0.01,6000,59.99,g,in/sec^2,0.2528935,43.86643,0.8,25.7,1.0,raw/RSN4849_CHUETSU_65012NS.AT2,processed/RSN4849_CHUETSU_65012NS_in_per_sec2.txt,,,PEER NGA-West2 ground motion database,User-provided PEER download; follow PEER terms of use.,True,Imported from MLEarthquakeRecords.zip; PEER result_id=36; horizontal_component=1; vertical_file=RSN4849_CHUETSU_65012UD.AT2
RSN4849_CHUETSU_65012EW,PEER,NGA-West2,Chuetsu-oki_ Japan,2007,Kubikiku Hyakken Joetsu City,RSN4849,65012EW,,,6.8,Reverse,22.18,20.71,,342.74,D,0.01,6000,59.99,g,in/sec^2,0.2136993,38.61501,0.8,25.7,1.0,raw/RSN4849_CHUETSU_65012EW.AT2,processed/RSN4849_CHUETSU_65012EW_in_per_sec2.txt,,,PEER NGA-West2 ground motion database,User-provided PEER download; follow PEER terms of use.,True,Imported from MLEarthquakeRecords.zip; PEER result_id=36; horizontal_component=2; vertical_file=RSN4849_CHUETSU_65012UD.AT2
RSN4853_CHUETSU_65019NS,PEER,NGA-West2,Chuetsu-oki_ Japan,2007,Joetsu City,RSN4853,65019NS,,,6.8,Reverse,27.9,25.68,,294.71,D,0.01,6000,59.99,g,in/sec^2,0.2103723,34.8373,1.3,28.2,1.0,raw/RSN4853_CHUETSU_65019NS.AT2,processed/RSN4853_CHUETSU_65019NS_in_per_sec2.txt,,,PEER NGA-West2 ground motion database,User-provided PEER download; follow PEER terms of use.,True,Imported from MLEarthquakeRecords.zip; PEER result_id=37; horizontal_component=1; vertical_file=RSN4853_CHUETSU_65019UD.AT2
RSN4853_CHUETSU_65019EW,PEER,NGA-West2,Chuetsu-oki_ Japan,2007,Joetsu City,RSN4853,65019EW,,,6.8,Reverse,27.9,25.68,,294.71,D,0.01,6000,59.99,g,in/sec^2,0.2739151,40.39031,1.3,28.2,1.0,raw/RSN4853_CHUETSU_65019EW.AT2,processed/RSN4853_CHUETSU_65019EW_in_per_sec2.txt,,,PEER NGA-West2 ground motion database,User-provided PEER download; follow PEER terms of use.,True,Imported from MLEarthquakeRecords.zip; PEER result_id=37; horizontal_component=2; vertical_file=RSN4853_CHUETSU_65019UD.AT2
RSN4857_CHUETSU_65027NS,PEER,NGA-West2,Chuetsu-oki_ Japan,2007,Kamo Kouiti Town,RSN4857,65027NS,,,6.8,Reverse,33.86,29.15,,366.23,C,0.01,6000,59.99,g,in/sec^2,0.07594465,12.87741,0.3,30.8,1.0,raw/RSN4857_CHUETSU_65027NS.AT2,processed/RSN4857_CHUETSU_65027NS_in_per_sec2.txt,,,PEER NGA-West2 ground motion database,User-provided PEER download; follow PEER terms of use.,True,Imported from MLEarthquakeRecords.zip; PEER result_id=38; horizontal_component=1; vertical_file=RSN4857_CHUETSU_65027UD.AT2
RSN4857_CHUETSU_65027EW,PEER,NGA-West2,Chuetsu-oki_ Japan,2007,Kamo Kouiti Town,RSN4857,65027EW,,,6.8,Reverse,33.86,29.15,,366.23,C,0.01,6000,59.99,g,in/sec^2,0.08538492,13.02661,0.3,30.8,1.0,raw/RSN4857_CHUETSU_65027EW.AT2,processed/RSN4857_CHUETSU_65027EW_in_per_sec2.txt,,,PEER NGA-West2 ground motion database,User-provided PEER download; follow PEER terms of use.,True,Imported from MLEarthquakeRecords.zip; PEER result_id=38; horizontal_component=2; vertical_file=RSN4857_CHUETSU_65027UD.AT2
RSN4859_CHUETSU_65029NS,PEER,NGA-West2,Chuetsu-oki_ Japan,2007,Mitsuke Kazuiti Arita Town,RSN4859,65029NS,,,6.8,Reverse,20.33,11.35,,274.23,D,0.01,6000,59.99,g,in/sec^2,0.1079296,19.19305,0.8,29.4,1.0,raw/RSN4859_CHUETSU_65029NS.AT2,processed/RSN4859_CHUETSU_65029NS_in_per_sec2.txt,,,PEER NGA-West2 ground motion database,User-provided PEER download; follow PEER terms of use.,True,Imported from MLEarthquakeRecords.zip; PEER result_id=39; horizontal_component=1; vertical_file=RSN4859_CHUETSU_65029UD.AT2
RSN4859_CHUETSU_65029EW,PEER,NGA-West2,Chuetsu-oki_ Japan,2007,Mitsuke Kazuiti Arita Town,RSN4859,65029EW,,,6.8,Reverse,20.33,11.35,,274.23,D,0.01,6000,59.99,g,in/sec^2,0.1247492,22.73402,0.8,29.4,1.0,raw/RSN4859_CHUETSU_65029EW.AT2,processed/RSN4859_CHUETSU_65029EW_in_per_sec2.txt,,,PEER NGA-West2 ground motion database,User-provided PEER download; follow PEER terms of use.,True,Imported from MLEarthquakeRecords.zip; PEER result_id=39; horizontal_component=2; vertical_file=RSN4859_CHUETSU_65029UD.AT2
RSN4860_CHUETSU_65033NS,PEER,NGA-West2,Chuetsu-oki_ Japan,2007,Sanjo Shinbori,RSN4860,65033NS,,,6.8,Reverse,23.18,15.89,,278.12,D,0.01,6000,59.99,g,in/sec^2,0.3228605,28.99107,2.0,23.2,1.0,raw/RSN4860_CHUETSU_65033NS.AT2,processed/RSN4860_CHUETSU_65033NS_in_per_sec2.txt,,,PEER NGA-West2 ground motion database,User-provided PEER download; follow PEER terms of use.,True,Imported from MLEarthquakeRecords.zip; PEER result_id=40; horizontal_component=1; vertical_file=RSN4860_CHUETSU_65033UD.AT2
RSN4860_CHUETSU_65033EW,PEER,NGA-West2,Chuetsu-oki_ Japan,2007,Sanjo Shinbori,RSN4860,65033EW,,,6.8,Reverse,23.18,15.89,,278.12,D,0.01,6000,59.99,g,in/sec^2,0.2619311,18.53303,2.0,23.2,1.0,raw/RSN4860_CHUETSU_65033EW.AT2,processed/RSN4860_CHUETSU_65033EW_in_per_sec2.txt,,,PEER NGA-West2 ground motion database,User-provided PEER download; follow PEER terms of use.,True,Imported from MLEarthquakeRecords.zip; PEER result_id=40; horizontal_component=2; vertical_file=RSN4860_CHUETSU_65033UD.AT2
RSN4862_CHUETSU_65035NS,PEER,NGA-West2,Chuetsu-oki_ Japan,2007,Shiura Nagaoka,RSN4862,65035NS,,,6.8,Reverse,20.17,10.61,,336.93,D,0.01,6000,59.99,g,in/sec^2,0.215509,26.58104,1.1,25.3,1.0,raw/RSN4862_CHUETSU_65035NS.AT2,processed/RSN4862_CHUETSU_65035NS_in_per_sec2.txt,,,PEER NGA-West2 ground motion database,User-provided PEER download; follow PEER terms of use.,True,Imported from MLEarthquakeRecords.zip; PEER result_id=41; horizontal_component=1; vertical_file=RSN4862_CHUETSU_65035UD.AT2
RSN4862_CHUETSU_65035EW,PEER,NGA-West2,Chuetsu-oki_ Japan,2007,Shiura Nagaoka,RSN4862,65035EW,,,6.8,Reverse,20.17,10.61,,336.93,D,0.01,6000,59.99,g,in/sec^2,0.2290922,22.1429,1.1,25.3,1.0,raw/RSN4862_CHUETSU_65035EW.AT2,processed/RSN4862_CHUETSU_65035EW_in_per_sec2.txt,,,PEER NGA-West2 ground motion database,User-provided PEER download; follow PEER terms of use.,True,Imported from MLEarthquakeRecords.zip; PEER result_id=41; horizontal_component=2; vertical_file=RSN4862_CHUETSU_65035UD.AT2
RSN4880_CHUETSU_65085NS,PEER,NGA-West2,Chuetsu-oki_ Japan,2007,Hinodecho Yoshida Tsubame City,RSN4880,65085NS,,,6.8,Reverse,24.42,20.44,,261.55,D,0.01,6000,59.99,g,in/sec^2,0.1116646,11.69242,0.4,32.1,1.0,raw/RSN4880_CHUETSU_65085NS.AT2,processed/RSN4880_CHUETSU_65085NS_in_per_sec2.txt,,,PEER NGA-West2 ground motion database,User-provided PEER download; follow PEER terms of use.,True,Imported from MLEarthquakeRecords.zip; PEER result_id=42; horizontal_component=1; vertical_file=RSN4880_CHUETSU_65085UD.AT2
RSN4880_CHUETSU_65085EW,PEER,NGA-West2,Chuetsu-oki_ Japan,2007,Hinodecho Yoshida Tsubame City,RSN4880,65085EW,,,6.8,Reverse,24.42,20.44,,261.55,D,0.01,6000,59.99,g,in/sec^2,0.125393,17.243,0.4,32.1,1.0,raw/RSN4880_CHUETSU_65085EW.AT2,processed/RSN4880_CHUETSU_65085EW_in_per_sec2.txt,,,PEER NGA-West2 ground motion database,User-provided PEER download; follow PEER terms of use.,True,Imported from MLEarthquakeRecords.zip; PEER result_id=42; horizontal_component=2; vertical_file=RSN4880_CHUETSU_65085UD.AT2
RSN4882_CHUETSU_65321NS,PEER,NGA-West2,Chuetsu-oki_ Japan,2007,Ojiya City,RSN4882,65321NS,,,6.8,Reverse,23.44,15.89,,430.16,C,0.01,12000,119.99000000000001,g,in/sec^2,0.2662676,16.99393,1.8,22.7,1.0,raw/RSN4882_CHUETSU_65321NS.AT2,processed/RSN4882_CHUETSU_65321NS_in_per_sec2.txt,,,PEER NGA-West2 ground motion database,User-provided PEER download; follow PEER terms of use.,True,Imported from MLEarthquakeRecords.zip; PEER result_id=43; horizontal_component=1; vertical_file=RSN4882_CHUETSU_65321UD.AT2
RSN4882_CHUETSU_65321EW,PEER,NGA-West2,Chuetsu-oki_ Japan,2007,Ojiya City,RSN4882,65321EW,,,6.8,Reverse,23.44,15.89,,430.16,C,0.01,12000,119.99000000000001,g,in/sec^2,0.3961962,28.71926,1.8,22.7,1.0,raw/RSN4882_CHUETSU_65321EW.AT2,processed/RSN4882_CHUETSU_65321EW_in_per_sec2.txt,,,PEER NGA-West2 ground motion database,User-provided PEER download; follow PEER terms of use.,True,Imported from MLEarthquakeRecords.zip; PEER result_id=43; horizontal_component=2; vertical_file=RSN4882_CHUETSU_65321UD.AT2
RSN4883_CHUETSU_690E1NS,PEER,NGA-West2,Chuetsu-oki_ Japan,2007,Niigata Nishi Kaba District,RSN4883,690E1NS,,,6.8,Reverse,29.91,27.83,,254.68,D,0.01,12000,119.99000000000001,g,in/sec^2,0.1335938,14.21324,0.4,51.4,1.0,raw/RSN4883_CHUETSU_690E1NS.AT2,processed/RSN4883_CHUETSU_690E1NS_in_per_sec2.txt,,,PEER NGA-West2 ground motion database,User-provided PEER download; follow PEER terms of use.,True,Imported from MLEarthquakeRecords.zip; PEER result_id=44; horizontal_component=1; vertical_file=RSN4883_CHUETSU_690E1UD.AT2
RSN4883_CHUETSU_690E1EW,PEER,NGA-West2,Chuetsu-oki_ Japan,2007,Niigata Nishi Kaba District,RSN4883,690E1EW,,,6.8,Reverse,29.91,27.83,,254.68,D,0.01,12000,119.99000000000001,g,in/sec^2,0.1633564,13.23503,0.4,51.4,1.0,raw/RSN4883_CHUETSU_690E1EW.AT2,processed/RSN4883_CHUETSU_690E1EW_in_per_sec2.txt,,,PEER NGA-West2 ground motion database,User-provided PEER download; follow PEER terms of use.,True,Imported from MLEarthquakeRecords.zip; PEER result_id=44; horizontal_component=2; vertical_file=RSN4883_CHUETSU_690E1UD.AT2
RSN4889_CHUETSU_6E1C1NS,PEER,NGA-West2,Chuetsu-oki_ Japan,2007,Joetsu Otemachi,RSN4889,6E1C1NS,,,6.8,Reverse,32.94,32.14,,314.57,D,0.01,12000,119.99000000000001,g,in/sec^2,0.2477687,24.86093,0.6,23.3,1.0,raw/RSN4889_CHUETSU_6E1C1NS.AT2,processed/RSN4889_CHUETSU_6E1C1NS_in_per_sec2.txt,,,PEER NGA-West2 ground motion database,User-provided PEER download; follow PEER terms of use.,True,Imported from MLEarthquakeRecords.zip; PEER result_id=45; horizontal_component=1; vertical_file=RSN4889_CHUETSU_6E1C1UD.AT2
RSN4889_CHUETSU_6E1C1EW,PEER,NGA-West2,Chuetsu-oki_ Japan,2007,Joetsu Otemachi,RSN4889,6E1C1EW,,,6.8,Reverse,32.94,32.14,,314.57,D,0.01,12000,119.99000000000001,g,in/sec^2,0.2761666,24.77396,0.6,23.3,1.0,raw/RSN4889_CHUETSU_6E1C1EW.AT2,processed/RSN4889_CHUETSU_6E1C1EW_in_per_sec2.txt,,,PEER NGA-West2 ground motion database,User-provided PEER download; follow PEER terms of use.,True,Imported from MLEarthquakeRecords.zip; PEER result_id=45; horizontal_component=2; vertical_file=RSN4889_CHUETSU_6E1C1UD.AT2
RSN5250_CHUETSU_NIG004NS,PEER,NGA-West2,Chuetsu-oki_ Japan,2007,NIG004,RSN5250,NIG004NS,,,6.8,Reverse,34.45,34.31,,318.62,D,0.01,15500,154.99,g,in/sec^2,0.1032282,4.210155,0.2,20.8,1.0,raw/RSN5250_CHUETSU_NIG004NS.AT2,processed/RSN5250_CHUETSU_NIG004NS_in_per_sec2.txt,,,PEER NGA-West2 ground motion database,User-provided PEER download; follow PEER terms of use.,True,Imported from MLEarthquakeRecords.zip; PEER result_id=46; horizontal_component=1; vertical_file=RSN5250_CHUETSU_NIG004UD.AT2
RSN5250_CHUETSU_NIG004EW,PEER,NGA-West2,Chuetsu-oki_ Japan,2007,NIG004,RSN5250,NIG004EW,,,6.8,Reverse,34.45,34.31,,318.62,D,0.01,15500,154.99,g,in/sec^2,0.09503287,3.926818,0.2,20.8,1.0,raw/RSN5250_CHUETSU_NIG004EW.AT2,processed/RSN5250_CHUETSU_NIG004EW_in_per_sec2.txt,,,PEER NGA-West2 ground motion database,User-provided PEER download; follow PEER terms of use.,True,Imported from MLEarthquakeRecords.zip; PEER result_id=46; horizontal_component=2; vertical_file=RSN5250_CHUETSU_NIG004UD.AT2
RSN5263_CHUETSU_NIG017NS,PEER,NGA-West2,Chuetsu-oki_ Japan,2007,NIG017,RSN5263,NIG017NS,,,6.8,Reverse,20.52,11.2,,274.17,D,0.01,29900,298.99,g,in/sec^2,0.2068126,11.82176,1.4,24.5,1.0,raw/RSN5263_CHUETSU_NIG017NS.AT2,processed/RSN5263_CHUETSU_NIG017NS_in_per_sec2.txt,,,PEER NGA-West2 ground motion database,User-provided PEER download; follow PEER terms of use.,True,Imported from MLEarthquakeRecords.zip; PEER result_id=47; horizontal_component=1; vertical_file=RSN5263_CHUETSU_NIG017UD.AT2
RSN5263_CHUETSU_NIG017EW,PEER,NGA-West2,Chuetsu-oki_ Japan,2007,NIG017,RSN5263,NIG017EW,,,6.8,Reverse,20.52,11.2,,274.17,D,0.01,29900,298.99,g,in/sec^2,0.2461927,19.42482,1.4,24.5,1.0,raw/RSN5263_CHUETSU_NIG017EW.AT2,processed/RSN5263_CHUETSU_NIG017EW_in_per_sec2.txt,,,PEER NGA-West2 ground motion database,User-provided PEER download; follow PEER terms of use.,True,Imported from MLEarthquakeRecords.zip; PEER result_id=47; horizontal_component=2; vertical_file=RSN5263_CHUETSU_NIG017UD.AT2
RSN5265_CHUETSU_NIG019NS,PEER,NGA-West2,Chuetsu-oki_ Japan,2007,NIG019,RSN5265,NIG019NS,,,6.8,Reverse,23.36,15.78,,372.33,C,0.01,30000,299.99,g,in/sec^2,0.3962398,21.15258,2.7,22.8,1.0,raw/RSN5265_CHUETSU_NIG019NS.AT2,processed/RSN5265_CHUETSU_NIG019NS_in_per_sec2.txt,,,PEER NGA-West2 ground motion database,User-provided PEER download; follow PEER terms of use.,True,Imported from MLEarthquakeRecords.zip; PEER result_id=48; horizontal_component=1; vertical_file=RSN5265_CHUETSU_NIG019UD.AT2
RSN5265_CHUETSU_NIG019EW,PEER,NGA-West2,Chuetsu-oki_ Japan,2007,NIG019,RSN5265,NIG019EW,,,6.8,Reverse,23.36,15.78,,372.33,C,0.01,30000,299.99,g,in/sec^2,0.4639203,46.42501,2.7,22.8,1.0,raw/RSN5265_CHUETSU_NIG019EW.AT2,processed/RSN5265_CHUETSU_NIG019EW_in_per_sec2.txt,,,PEER NGA-West2 ground motion database,User-provided PEER download; follow PEER terms of use.,True,Imported from MLEarthquakeRecords.zip; PEER result_id=48; horizontal_component=2; vertical_file=RSN5265_CHUETSU_NIG019UD.AT2
RSN5266_CHUETSU_NIG020NS,PEER,NGA-West2,Chuetsu-oki_ Japan,2007,NIG020,RSN5266,NIG020NS,,,6.8,Reverse,37.16,32.93,,331.63,D,0.01,29600,295.99,g,in/sec^2,0.1319137,6.677519,0.3,29.5,1.0,raw/RSN5266_CHUETSU_NIG020NS.AT2,processed/RSN5266_CHUETSU_NIG020NS_in_per_sec2.txt,,,PEER NGA-West2 ground motion database,User-provided PEER download; follow PEER terms of use.,True,Imported from MLEarthquakeRecords.zip; PEER result_id=49; horizontal_component=1; vertical_file=RSN5266_CHUETSU_NIG020UD.AT2
RSN5266_CHUETSU_NIG020EW,PEER,NGA-West2,Chuetsu-oki_ Japan,2007,NIG020,RSN5266,NIG020EW,,,6.8,Reverse,37.16,32.93,,331.63,D,0.01,29600,295.99,g,in/sec^2,0.1314273,5.786003,0.3,29.5,1.0,raw/RSN5266_CHUETSU_NIG020EW.AT2,processed/RSN5266_CHUETSU_NIG020EW_in_per_sec2.txt,,,PEER NGA-West2 ground motion database,User-provided PEER download; follow PEER terms of use.,True,Imported from MLEarthquakeRecords.zip; PEER result_id=49; horizontal_component=2; vertical_file=RSN5266_CHUETSU_NIG020UD.AT2
RSN5274_CHUETSU_NIG028NS,PEER,NGA-West2,Chuetsu-oki_ Japan,2007,NIG028,RSN5274,NIG028NS,,,6.8,Reverse,23.05,15.32,,430.71,C,0.01,29600,295.99,g,in/sec^2,0.1394474,11.01243,0.4,36.3,1.0,raw/RSN5274_CHUETSU_NIG028NS.AT2,processed/RSN5274_CHUETSU_NIG028NS_in_per_sec2.txt,,,PEER NGA-West2 ground motion database,User-provided PEER download; follow PEER terms of use.,True,Imported from MLEarthquakeRecords.zip; PEER result_id=50; horizontal_component=1; vertical_file=RSN5274_CHUETSU_NIG028UD.AT2
RSN5274_CHUETSU_NIG028EW,PEER,NGA-West2,Chuetsu-oki_ Japan,2007,NIG028,RSN5274,NIG028EW,,,6.8,Reverse,23.05,15.32,,430.71,C,0.01,29600,295.99,g,in/sec^2,0.1306821,11.39163,0.4,36.3,1.0,raw/RSN5274_CHUETSU_NIG028EW.AT2,processed/RSN5274_CHUETSU_NIG028EW_in_per_sec2.txt,,,PEER NGA-West2 ground motion database,User-provided PEER download; follow PEER terms of use.,True,Imported from MLEarthquakeRecords.zip; PEER result_id=50; horizontal_component=2; vertical_file=RSN5274_CHUETSU_NIG028UD.AT2
RSN5284_CHUETSU_NIGH11NS,PEER,NGA-West2,Chuetsu-oki_ Japan,2007,NIGH11,RSN5284,NIGH11NS,,,6.8,Reverse,27.31,21.19,,375.0,C,0.005,60000,299.995,g,in/sec^2,0.1844067,22.54024,0.3,37.8,1.0,raw/RSN5284_CHUETSU_NIGH11NS.AT2,processed/RSN5284_CHUETSU_NIGH11NS_in_per_sec2.txt,,,PEER NGA-West2 ground motion database,User-provided PEER download; follow PEER terms of use.,True,Imported from MLEarthquakeRecords.zip; PEER result_id=51; horizontal_component=1; vertical_file=RSN5284_CHUETSU_NIGH11UD.AT2
RSN5284_CHUETSU_NIGH11EW,PEER,NGA-West2,Chuetsu-oki_ Japan,2007,NIGH11,RSN5284,NIGH11EW,,,6.8,Reverse,27.31,21.19,,375.0,C,0.005,60000,299.995,g,in/sec^2,0.1317689,16.13614,0.3,37.8,1.0,raw/RSN5284_CHUETSU_NIGH11EW.AT2,processed/RSN5284_CHUETSU_NIGH11EW_in_per_sec2.txt,,,PEER NGA-West2 ground motion database,User-provided PEER download; follow PEER terms of use.,True,Imported from MLEarthquakeRecords.zip; PEER result_id=51; horizontal_component=2; vertical_file=RSN5284_CHUETSU_NIGH11UD.AT2
RSN5495_IWATE_AKTH19NS,PEER,NGA-West2,Iwate_ Japan,2008,AKTH19,RSN5495,AKTH19NS,,,6.9,Reverse,34.54,32.28,,287.96,D,0.01,25300,252.99,g,in/sec^2,0.2526542,20.59129,1.2,23.2,1.0,raw/RSN5495_IWATE_AKTH19NS.AT2,processed/RSN5495_IWATE_AKTH19NS_in_per_sec2.txt,,,PEER NGA-West2 ground motion database,User-provided PEER download; follow PEER terms of use.,True,Imported from MLEarthquakeRecords.zip; PEER result_id=52; horizontal_component=1; vertical_file=RSN5495_IWATE_AKTH19UD.AT2
RSN5495_IWATE_AKTH19EW,PEER,NGA-West2,Iwate_ Japan,2008,AKTH19,RSN5495,AKTH19EW,,,6.9,Reverse,34.54,32.28,,287.96,D,0.01,25300,252.99,g,in/sec^2,0.1640833,13.45579,1.2,23.2,1.0,raw/RSN5495_IWATE_AKTH19EW.AT2,processed/RSN5495_IWATE_AKTH19EW_in_per_sec2.txt,,,PEER NGA-West2 ground motion database,User-provided PEER download; follow PEER terms of use.,True,Imported from MLEarthquakeRecords.zip; PEER result_id=52; horizontal_component=2; vertical_file=RSN5495_IWATE_AKTH19UD.AT2
RSN5620_IWATE_IWT012NS,PEER,NGA-West2,Iwate_ Japan,2008,IWT012,RSN5620,IWT012NS,,,6.9,Reverse,20.64,20.47,,264.48,D,0.01,25300,252.99,g,in/sec^2,0.2831218,13.63965,1.9,30.8,1.0,raw/RSN5620_IWATE_IWT012NS.AT2,processed/RSN5620_IWATE_IWT012NS_in_per_sec2.txt,,,PEER NGA-West2 ground motion database,User-provided PEER download; follow PEER terms of use.,True,Imported from MLEarthquakeRecords.zip; PEER result_id=53; horizontal_component=1; vertical_file=RSN5620_IWATE_IWT012UD.AT2
RSN5620_IWATE_IWT012EW,PEER,NGA-West2,Iwate_ Japan,2008,IWT012,RSN5620,IWT012EW,,,6.9,Reverse,20.64,20.47,,264.48,D,0.01,25300,252.99,g,in/sec^2,0.2414528,13.19966,1.9,30.8,1.0,raw/RSN5620_IWATE_IWT012EW.AT2,processed/RSN5620_IWATE_IWT012EW_in_per_sec2.txt,,,PEER NGA-West2 ground motion database,User-provided PEER download; follow PEER terms of use.,True,Imported from MLEarthquakeRecords.zip; PEER result_id=53; horizontal_component=2; vertical_file=RSN5620_IWATE_IWT012UD.AT2
RSN5622_IWATE_IWT014NS,PEER,NGA-West2,Iwate_ Japan,2008,IWT014,RSN5622,IWT014NS,,,6.9,Reverse,37.58,36.75,,314.6,D,0.01,23900,238.99,g,in/sec^2,0.09400861,5.644618,0.2,30.3,1.0,raw/RSN5622_IWATE_IWT014NS.AT2,processed/RSN5622_IWATE_IWT014NS_in_per_sec2.txt,,,PEER NGA-West2 ground motion database,User-provided PEER download; follow PEER terms of use.,True,Imported from MLEarthquakeRecords.zip; PEER result_id=54; horizontal_component=1; vertical_file=RSN5622_IWATE_IWT014UD.AT2
RSN5622_IWATE_IWT014EW,PEER,NGA-West2,Iwate_ Japan,2008,IWT014,RSN5622,IWT014EW,,,6.9,Reverse,37.58,36.75,,314.6,D,0.01,23900,238.99,g,in/sec^2,0.09922381,5.422875,0.2,30.3,1.0,raw/RSN5622_IWATE_IWT014EW.AT2,processed/RSN5622_IWATE_IWT014EW_in_per_sec2.txt,,,PEER NGA-West2 ground motion database,User-provided PEER download; follow PEER terms of use.,True,Imported from MLEarthquakeRecords.zip; PEER result_id=54; horizontal_component=2; vertical_file=RSN5622_IWATE_IWT014UD.AT2
RSN5632_IWATE_IWT025NS,PEER,NGA-West2,Iwate_ Japan,2008,IWT025,RSN5632,IWT025NS,,,6.9,Reverse,37.39,35.31,,442.61,C,0.01,18000,179.99,g,in/sec^2,0.1187178,5.601975,0.2,26.4,1.0,raw/RSN5632_IWATE_IWT025NS.AT2,processed/RSN5632_IWATE_IWT025NS_in_per_sec2.txt,,,PEER NGA-West2 ground motion database,User-provided PEER download; follow PEER terms of use.,True,Imported from MLEarthquakeRecords.zip; PEER result_id=55; horizontal_component=1; vertical_file=RSN5632_IWATE_IWT025UD.AT2
RSN5632_IWATE_IWT025EW,PEER,NGA-West2,Iwate_ Japan,2008,IWT025,RSN5632,IWT025EW,,,6.9,Reverse,37.39,35.31,,442.61,C,0.01,18000,179.99,g,in/sec^2,0.1092751,4.597647,0.2,26.4,1.0,raw/RSN5632_IWATE_IWT025EW.AT2,processed/RSN5632_IWATE_IWT025EW_in_per_sec2.txt,,,PEER NGA-West2 ground motion database,User-provided PEER download; follow PEER terms of use.,True,Imported from MLEarthquakeRecords.zip; PEER result_id=55; horizontal_component=2; vertical_file=RSN5632_IWATE_IWT025UD.AT2
RSN5637_IWATE_IWTH05NS,PEER,NGA-West2,Iwate_ Japan,2008,IWTH05,RSN5637,IWTH05NS,,,6.9,Reverse,38.06,38.05,,429.2,C,0.01,23100,230.99,g,in/sec^2,0.2084116,6.01696,0.8,23.0,1.0,raw/RSN5637_IWATE_IWTH05NS.AT2,processed/RSN5637_IWATE_IWTH05NS_in_per_sec2.txt,,,PEER NGA-West2 ground motion database,User-provided PEER download; follow PEER terms of use.,True,Imported from MLEarthquakeRecords.zip; PEER result_id=56; horizontal_component=1; vertical_file=RSN5637_IWATE_IWTH05UD.AT2
RSN5637_IWATE_IWTH05EW,PEER,NGA-West2,Iwate_ Japan,2008,IWTH05,RSN5637,IWTH05EW,,,6.9,Reverse,38.06,38.05,,429.2,C,0.01,23100,230.99,g,in/sec^2,0.1794262,7.058472,0.8,23.0,1.0,raw/RSN5637_IWATE_IWTH05EW.AT2,processed/RSN5637_IWATE_IWTH05EW_in_per_sec2.txt,,,PEER NGA-West2 ground motion database,User-provided PEER download; follow PEER terms of use.,True,Imported from MLEarthquakeRecords.zip; PEER result_id=56; horizontal_component=2; vertical_file=RSN5637_IWATE_IWTH05UD.AT2
RSN5652_IWATE_IWTH20NS,PEER,NGA-West2,Iwate_ Japan,2008,IWTH20,RSN5652,IWTH20NS,,,6.9,Reverse,20.19,18.74,,288.75,D,0.01,30000,299.99,g,in/sec^2,0.2543433,14.23529,1.2,33.1,1.0,raw/RSN5652_IWATE_IWTH20NS.AT2,processed/RSN5652_IWATE_IWTH20NS_in_per_sec2.txt,,,PEER NGA-West2 ground motion database,User-provided PEER download; follow PEER terms of use.,True,Imported from MLEarthquakeRecords.zip; PEER result_id=57; horizontal_component=1; vertical_file=RSN5652_IWATE_IWTH20UD.AT2
RSN5652_IWATE_IWTH20EW,PEER,NGA-West2,Iwate_ Japan,2008,IWTH20,RSN5652,IWTH20EW,,,6.9,Reverse,20.19,18.74,,288.75,D,0.01,30000,299.99,g,in/sec^2,0.2445251,12.40891,1.2,33.1,1.0,raw/RSN5652_IWATE_IWTH20EW.AT2,processed/RSN5652_IWATE_IWTH20EW_in_per_sec2.txt,,,PEER NGA-West2 ground motion database,User-provided PEER download; follow PEER terms of use.,True,Imported from MLEarthquakeRecords.zip; PEER result_id=57; horizontal_component=2; vertical_file=RSN5652_IWATE_IWTH20UD.AT2
RSN5664_IWATE_MYG005NS,PEER,NGA-West2,Iwate_ Japan,2008,MYG005,RSN5664,MYG005NS,,,6.9,Reverse,13.47,10.71,,361.24,C,0.01,30000,299.99,g,in/sec^2,0.4455556,69.58156,4.2,42.5,1.0,raw/RSN5664_IWATE_MYG005NS.AT2,processed/RSN5664_IWATE_MYG005NS_in_per_sec2.txt,,,PEER NGA-West2 ground motion database,User-provided PEER download; follow PEER terms of use.,True,Imported from MLEarthquakeRecords.zip; PEER result_id=58; horizontal_component=1; vertical_file=RSN5664_IWATE_MYG005UD.AT2
RSN5664_IWATE_MYG005EW,PEER,NGA-West2,Iwate_ Japan,2008,MYG005,RSN5664,MYG005EW,,,6.9,Reverse,13.47,10.71,,361.24,C,0.01,30000,299.99,g,in/sec^2,0.5355095,33.05654,4.2,42.5,1.0,raw/RSN5664_IWATE_MYG005EW.AT2,processed/RSN5664_IWATE_MYG005EW_in_per_sec2.txt,,,PEER NGA-West2 ground motion database,User-provided PEER download; follow PEER terms of use.,True,Imported from MLEarthquakeRecords.zip; PEER result_id=58; horizontal_component=2; vertical_file=RSN5664_IWATE_MYG005UD.AT2
RSN5745_IWATE_YMT002NS,PEER,NGA-West2,Iwate_ Japan,2008,YMT002,RSN5745,YMT002NS,,,6.9,Reverse,38.91,36.92,,365.59,C,0.01,23800,237.99,g,in/sec^2,0.1025677,14.2557,0.1,47.9,1.0,raw/RSN5745_IWATE_YMT002NS.AT2,processed/RSN5745_IWATE_YMT002NS_in_per_sec2.txt,,,PEER NGA-West2 ground motion database,User-provided PEER download; follow PEER terms of use.,True,Imported from MLEarthquakeRecords.zip; PEER result_id=59; horizontal_component=1; vertical_file=RSN5745_IWATE_YMT002UD.AT2
RSN5745_IWATE_YMT002EW,PEER,NGA-West2,Iwate_ Japan,2008,YMT002,RSN5745,YMT002EW,,,6.9,Reverse,38.91,36.92,,365.59,C,0.01,23800,237.99,g,in/sec^2,0.08224072,12.43497,0.1,47.9,1.0,raw/RSN5745_IWATE_YMT002EW.AT2,processed/RSN5745_IWATE_YMT002EW_in_per_sec2.txt,,,PEER NGA-West2 ground motion database,User-provided PEER download; follow PEER terms of use.,True,Imported from MLEarthquakeRecords.zip; PEER result_id=59; horizontal_component=2; vertical_file=RSN5745_IWATE_YMT002UD.AT2
RSN5760_IWATE_YMT017NS,PEER,NGA-West2,Iwate_ Japan,2008,YMT017,RSN5760,YMT017NS,,,6.9,Reverse,36.73,34.61,,410.57,C,0.01,22800,227.99,g,in/sec^2,0.1039854,11.42611,0.1,50.6,1.0,raw/RSN5760_IWATE_YMT017NS.AT2,processed/RSN5760_IWATE_YMT017NS_in_per_sec2.txt,,,PEER NGA-West2 ground motion database,User-provided PEER download; follow PEER terms of use.,True,Imported from MLEarthquakeRecords.zip; PEER result_id=60; horizontal_component=1; vertical_file=RSN5760_IWATE_YMT017UD.AT2
RSN5760_IWATE_YMT017EW,PEER,NGA-West2,Iwate_ Japan,2008,YMT017,RSN5760,YMT017EW,,,6.9,Reverse,36.73,34.61,,410.57,C,0.01,22800,227.99,g,in/sec^2,0.0888447,9.879646,0.1,50.6,1.0,raw/RSN5760_IWATE_YMT017EW.AT2,processed/RSN5760_IWATE_YMT017EW_in_per_sec2.txt,,,PEER NGA-West2 ground motion database,User-provided PEER download; follow PEER terms of use.,True,Imported from MLEarthquakeRecords.zip; PEER result_id=60; horizontal_component=2; vertical_file=RSN5760_IWATE_YMT017UD.AT2
RSN5774_IWATE_54008NS,PEER,NGA-West2,Iwate_ Japan,2008,Nakashinden Town,RSN5774,54008NS,,,6.9,Reverse,29.38,29.37,,276.3,D,0.01,6000,59.99,g,in/sec^2,0.1978591,33.62818,1.0,25.2,1.0,raw/RSN5774_IWATE_54008NS.AT2,processed/RSN5774_IWATE_54008NS_in_per_sec2.txt,,,PEER NGA-West2 ground motion database,User-provided PEER download; follow PEER terms of use.,True,Imported from MLEarthquakeRecords.zip; PEER result_id=61; horizontal_component=1; vertical_file=RSN5774_IWATE_54008UD.AT2
RSN5774_IWATE_54008EW,PEER,NGA-West2,Iwate_ Japan,2008,Nakashinden Town,RSN5774,54008EW,,,6.9,Reverse,29.38,29.37,,276.3,D,0.01,6000,59.99,g,in/sec^2,0.1641553,22.64496,1.0,25.2,1.0,raw/RSN5774_IWATE_54008EW.AT2,processed/RSN5774_IWATE_54008EW_in_per_sec2.txt,,,PEER NGA-West2 ground motion database,User-provided PEER download; follow PEER terms of use.,True,Imported from MLEarthquakeRecords.zip; PEER result_id=61; horizontal_component=2; vertical_file=RSN5774_IWATE_54008UD.AT2
RSN5777_IWATE_54011NS,PEER,NGA-West2,Iwate_ Japan,2008,Shikama Town,RSN5777,54011NS,,,6.9,Reverse,31.87,31.87,,334.55,D,0.01,6000,59.99,g,in/sec^2,0.1485181,25.79581,0.6,25.4,1.0,raw/RSN5777_IWATE_54011NS.AT2,processed/RSN5777_IWATE_54011NS_in_per_sec2.txt,,,PEER NGA-West2 ground motion database,User-provided PEER download; follow PEER terms of use.,True,Imported from MLEarthquakeRecords.zip; PEER result_id=62; horizontal_component=1; vertical_file=RSN5777_IWATE_54011UD.AT2
RSN5777_IWATE_54011EW,PEER,NGA-West2,Iwate_ Japan,2008,Shikama Town,RSN5777,54011EW,,,6.9,Reverse,31.87,31.87,,334.55,D,0.01,6000,59.99,g,in/sec^2,0.1669345,20.51454,0.6,25.4,1.0,raw/RSN5777_IWATE_54011EW.AT2,processed/RSN5777_IWATE_54011EW_in_per_sec2.txt,,,PEER NGA-West2 ground motion database,User-provided PEER download; follow PEER terms of use.,True,Imported from MLEarthquakeRecords.zip; PEER result_id=62; horizontal_component=2; vertical_file=RSN5777_IWATE_54011UD.AT2
RSN5783_IWATE_54026NS,PEER,NGA-West2,Iwate_ Japan,2008,Semine Kurihara City,RSN5783,54026NS,,,6.9,Reverse,28.9,28.9,,362.57,C,0.01,12000,119.99000000000001,g,in/sec^2,0.1604956,14.66933,0.8,20.5,1.0,raw/RSN5783_IWATE_54026NS.AT2,processed/RSN5783_IWATE_54026NS_in_per_sec2.txt,,,PEER NGA-West2 ground motion database,User-provided PEER download; follow PEER terms of use.,True,Imported from MLEarthquakeRecords.zip; PEER result_id=63; horizontal_component=1; vertical_file=RSN5783_IWATE_54026UD.AT2
RSN5783_IWATE_54026EW,PEER,NGA-West2,Iwate_ Japan,2008,Semine Kurihara City,RSN5783,54026EW,,,6.9,Reverse,28.9,28.9,,362.57,C,0.01,12000,119.99000000000001,g,in/sec^2,0.1416631,18.43678,0.8,20.5,1.0,raw/RSN5783_IWATE_54026EW.AT2,processed/RSN5783_IWATE_54026EW_in_per_sec2.txt,,,PEER NGA-West2 ground motion database,User-provided PEER download; follow PEER terms of use.,True,Imported from MLEarthquakeRecords.zip; PEER result_id=63; horizontal_component=2; vertical_file=RSN5783_IWATE_54026UD.AT2
RSN5784_IWATE_54031NS,PEER,NGA-West2,Iwate_ Japan,2008,Sake City,RSN5784,54031NS,,,6.9,Reverse,35.12,35.11,,303.6,D,0.01,6000,59.99,g,in/sec^2,0.1381681,27.03134,0.7,30.7,1.0,raw/RSN5784_IWATE_54031NS.AT2,processed/RSN5784_IWATE_54031NS_in_per_sec2.txt,,,PEER NGA-West2 ground motion database,User-provided PEER download; follow PEER terms of use.,True,Imported from MLEarthquakeRecords.zip; PEER result_id=64; horizontal_component=1; vertical_file=RSN5784_IWATE_54031UD.AT2
RSN5784_IWATE_54031EW,PEER,NGA-West2,Iwate_ Japan,2008,Sake City,RSN5784,54031EW,,,6.9,Reverse,35.12,35.11,,303.6,D,0.01,6000,59.99,g,in/sec^2,0.1052751,22.52546,0.7,30.7,1.0,raw/RSN5784_IWATE_54031EW.AT2,processed/RSN5784_IWATE_54031EW_in_per_sec2.txt,,,PEER NGA-West2 ground motion database,User-provided PEER download; follow PEER terms of use.,True,Imported from MLEarthquakeRecords.zip; PEER result_id=64; horizontal_component=2; vertical_file=RSN5784_IWATE_54031UD.AT2
RSN5785_IWATE_54036NS,PEER,NGA-West2,Iwate_ Japan,2008,Yoneyamacho Tome City,RSN5785,54036NS,,,6.9,Reverse,38.96,38.95,,274.23,D,0.01,6000,59.99,g,in/sec^2,0.1166353,17.25629,0.6,27.4,1.0,raw/RSN5785_IWATE_54036NS.AT2,processed/RSN5785_IWATE_54036NS_in_per_sec2.txt,,,PEER NGA-West2 ground motion database,User-provided PEER download; follow PEER terms of use.,True,Imported from MLEarthquakeRecords.zip; PEER result_id=65; horizontal_component=1; vertical_file=RSN5785_IWATE_54036UD.AT2
RSN5785_IWATE_54036EW,PEER,NGA-West2,Iwate_ Japan,2008,Yoneyamacho Tome City,RSN5785,54036EW,,,6.9,Reverse,38.96,38.95,,274.23,D,0.01,6000,59.99,g,in/sec^2,0.1629423,19.86304,0.6,27.4,1.0,raw/RSN5785_IWATE_54036EW.AT2,processed/RSN5785_IWATE_54036EW_in_per_sec2.txt,,,PEER NGA-West2 ground motion database,User-provided PEER download; follow PEER terms of use.,True,Imported from MLEarthquakeRecords.zip; PEER result_id=65; horizontal_component=2; vertical_file=RSN5785_IWATE_54036UD.AT2
RSN5786_IWATE_54038NS,PEER,NGA-West2,Iwate_ Japan,2008,Minamikatamachi Tore City,RSN5786,54038NS,,,6.9,Reverse,34.52,34.51,,300.21,D,0.01,6000,59.99,g,in/sec^2,0.1802887,36.97492,1.4,24.6,1.0,raw/RSN5786_IWATE_54038NS.AT2,processed/RSN5786_IWATE_54038NS_in_per_sec2.txt,,,PEER NGA-West2 ground motion database,User-provided PEER download; follow PEER terms of use.,True,Imported from MLEarthquakeRecords.zip; PEER result_id=66; horizontal_component=1; vertical_file=RSN5786_IWATE_54038UD.AT2
RSN5786_IWATE_54038EW,PEER,NGA-West2,Iwate_ Japan,2008,Minamikatamachi Tore City,RSN5786,54038EW,,,6.9,Reverse,34.52,34.51,,300.21,D,0.01,6000,59.99,g,in/sec^2,0.1757528,47.88748,1.4,24.6,1.0,raw/RSN5786_IWATE_54038EW.AT2,processed/RSN5786_IWATE_54038EW_in_per_sec2.txt,,,PEER NGA-West2 ground motion database,User-provided PEER download; follow PEER terms of use.,True,Imported from MLEarthquakeRecords.zip; PEER result_id=66; horizontal_component=2; vertical_file=RSN5786_IWATE_54038UD.AT2
RSN5801_IWATE_55442NS,PEER,NGA-West2,Iwate_ Japan,2008,Hirakamachi Asamai Yokote,RSN5801,55442NS,,,6.9,Reverse,36.87,34.76,,325.79,D,0.01,6000,59.99,g,in/sec^2,0.1904029,29.11164,0.7,26.1,1.0,raw/RSN5801_IWATE_55442NS.AT2,processed/RSN5801_IWATE_55442NS_in_per_sec2.txt,,,PEER NGA-West2 ground motion database,User-provided PEER download; follow PEER terms of use.,True,Imported from MLEarthquakeRecords.zip; PEER result_id=67; horizontal_component=1; vertical_file=RSN5801_IWATE_55442UD.AT2
RSN5801_IWATE_55442EW,PEER,NGA-West2,Iwate_ Japan,2008,Hirakamachi Asamai Yokote,RSN5801,55442EW,,,6.9,Reverse,36.87,34.76,,325.79,D,0.01,6000,59.99,g,in/sec^2,0.1449378,38.74564,0.7,26.1,1.0,raw/RSN5801_IWATE_55442EW.AT2,processed/RSN5801_IWATE_55442EW_in_per_sec2.txt,,,PEER NGA-West2 ground motion database,User-provided PEER download; follow PEER terms of use.,True,Imported from MLEarthquakeRecords.zip; PEER result_id=67; horizontal_component=2; vertical_file=RSN5801_IWATE_55442UD.AT2
RSN5803_IWATE_55445NS,PEER,NGA-West2,Iwate_ Japan,2008,Yokote Ju Monjimachi,RSN5803,55445NS,,,6.9,Reverse,32.56,30.15,,343.65,D,0.01,6000,59.99,g,in/sec^2,0.1270828,26.79192,0.4,21.6,1.0,raw/RSN5803_IWATE_55445NS.AT2,processed/RSN5803_IWATE_55445NS_in_per_sec2.txt,,,PEER NGA-West2 ground motion database,User-provided PEER download; follow PEER terms of use.,True,Imported from MLEarthquakeRecords.zip; PEER result_id=68; horizontal_component=1; vertical_file=RSN5803_IWATE_55445UD.AT2
RSN5803_IWATE_55445EW,PEER,NGA-West2,Iwate_ Japan,2008,Yokote Ju Monjimachi,RSN5803,55445EW,,,6.9,Reverse,32.56,30.15,,343.65,D,0.01,6000,59.99,g,in/sec^2,0.1100109,25.59202,0.4,21.6,1.0,raw/RSN5803_IWATE_55445EW.AT2,processed/RSN5803_IWATE_55445EW_in_per_sec2.txt,,,PEER NGA-West2 ground motion database,User-provided PEER download; follow PEER terms of use.,True,Imported from MLEarthquakeRecords.zip; PEER result_id=68; horizontal_component=2; vertical_file=RSN5803_IWATE_55445UD.AT2
RSN5812_IWATE_44B61NS,PEER,NGA-West2,Iwate_ Japan,2008,Kitakami Yanagiharach,RSN5812,44B61NS,,,6.9,Reverse,16.67,16.44,,348.99,D,0.01,12000,119.99000000000001,g,in/sec^2,0.2057143,8.978183,0.5,23.6,1.0,raw/RSN5812_IWATE_44B61NS.AT2,processed/RSN5812_IWATE_44B61NS_in_per_sec2.txt,,,PEER NGA-West2 ground motion database,User-provided PEER download; follow PEER terms of use.,True,Imported from MLEarthquakeRecords.zip; PEER result_id=69; horizontal_component=1; vertical_file=RSN5812_IWATE_44B61UD.AT2
RSN5812_IWATE_44B61EW,PEER,NGA-West2,Iwate_ Japan,2008,Kitakami Yanagiharach,RSN5812,44B61EW,,,6.9,Reverse,16.67,16.44,,348.99,D,0.01,12000,119.99000000000001,g,in/sec^2,0.1536019,9.525167,0.5,23.6,1.0,raw/RSN5812_IWATE_44B61EW.AT2,processed/RSN5812_IWATE_44B61EW_in_per_sec2.txt,,,PEER NGA-West2 ground motion database,User-provided PEER download; follow PEER terms of use.,True,Imported from MLEarthquakeRecords.zip; PEER result_id=69; horizontal_component=2; vertical_file=RSN5812_IWATE_44B61UD.AT2
RSN5817_IWATE_48A51NS,PEER,NGA-West2,Iwate_ Japan,2008,Tome City_ Nakadacho,RSN5817,48A51NS,,,6.9,Reverse,37.73,37.72,,284.45,D,0.01,12000,119.99000000000001,g,in/sec^2,0.1945562,17.64391,0.8,34.4,1.0,raw/RSN5817_IWATE_48A51NS.AT2,processed/RSN5817_IWATE_48A51NS_in_per_sec2.txt,,,PEER NGA-West2 ground motion database,User-provided PEER download; follow PEER terms of use.,True,Imported from MLEarthquakeRecords.zip; PEER result_id=70; horizontal_component=1; vertical_file=RSN5817_IWATE_48A51UD.AT2
RSN5817_IWATE_48A51EW,PEER,NGA-West2,Iwate_ Japan,2008,Tome City_ Nakadacho,RSN5817,48A51EW,,,6.9,Reverse,37.73,37.72,,284.45,D,0.01,12000,119.99000000000001,g,in/sec^2,0.1568117,15.96349,0.8,34.4,1.0,raw/RSN5817_IWATE_48A51EW.AT2,processed/RSN5817_IWATE_48A51EW_in_per_sec2.txt,,,PEER NGA-West2 ground motion database,User-provided PEER download; follow PEER terms of use.,True,Imported from MLEarthquakeRecords.zip; PEER result_id=70; horizontal_component=2; vertical_file=RSN5817_IWATE_48A51UD.AT2
RSN5836_SIERRA.MEX_EMO360,PEER,NGA-West2,El Mayor-Cucapah_ Mexico,2010,El Centro - Meloland Geot. Array,RSN5836,EMO360,360,,7.2,strike slip,29.0,28.53,,264.57,D,0.005,17499,87.49,g,in/sec^2,0.4392015,26.04894,3.5,24.7,1.0,raw/RSN5836_SIERRA.MEX_EMO360.AT2,processed/RSN5836_SIERRA.MEX_EMO360_in_per_sec2.txt,,,PEER NGA-West2 ground motion database,User-provided PEER download; follow PEER terms of use.,True,Imported from MLEarthquakeRecords.zip; PEER result_id=71; horizontal_component=1; vertical_file=RSN5836_SIERRA.MEX_EMO-UP.AT2
RSN5836_SIERRA.MEX_EMO270,PEER,NGA-West2,El Mayor-Cucapah_ Mexico,2010,El Centro - Meloland Geot. Array,RSN5836,EMO270,270,,7.2,strike slip,29.0,28.53,,264.57,D,0.005,17499,87.49,g,in/sec^2,0.2913587,27.36021,3.5,24.7,1.0,raw/RSN5836_SIERRA.MEX_EMO270.AT2,processed/RSN5836_SIERRA.MEX_EMO270_in_per_sec2.txt,,,PEER NGA-West2 ground motion database,User-provided PEER download; follow PEER terms of use.,True,Imported from MLEarthquakeRecords.zip; PEER result_id=71; horizontal_component=2; vertical_file=RSN5836_SIERRA.MEX_EMO-UP.AT2
RSN6886_DARFIELD_CACSN40E,PEER,NGA-West2,Darfield_ New Zealand,2010,Canterbury Aero Club,RSN6886,CACSN40E,,,7.0,strike slip,14.48,14.48,,280.26,D,0.005,30000,149.995,g,in/sec^2,0.1857917,34.08334,0.9,35.1,1.0,raw/RSN6886_DARFIELD_CACSN40E.AT2,processed/RSN6886_DARFIELD_CACSN40E_in_per_sec2.txt,,,PEER NGA-West2 ground motion database,User-provided PEER download; follow PEER terms of use.,True,Imported from MLEarthquakeRecords.zip; PEER result_id=72; horizontal_component=1; vertical_file=RSN6886_DARFIELD_CACSUP.AT2
RSN6886_DARFIELD_CACSN50W,PEER,NGA-West2,Darfield_ New Zealand,2010,Canterbury Aero Club,RSN6886,CACSN50W,,,7.0,strike slip,14.48,14.48,,280.26,D,0.005,30000,149.995,g,in/sec^2,0.1984398,47.41933,0.9,35.1,1.0,raw/RSN6886_DARFIELD_CACSN50W.AT2,processed/RSN6886_DARFIELD_CACSN50W_in_per_sec2.txt,,,PEER NGA-West2 ground motion database,User-provided PEER download; follow PEER terms of use.,True,Imported from MLEarthquakeRecords.zip; PEER result_id=72; horizontal_component=2; vertical_file=RSN6886_DARFIELD_CACSUP.AT2
RSN6893_DARFIELD_DFHSS17E,PEER,NGA-West2,Darfield_ New Zealand,2010,DFHS,RSN6893,DFHSS17E,,,7.0,strike slip,11.86,11.86,,344.02,D,0.005,30000,149.995,g,in/sec^2,0.4715171,39.9509,2.8,21.3,1.0,raw/RSN6893_DARFIELD_DFHSS17E.AT2,processed/RSN6893_DARFIELD_DFHSS17E_in_per_sec2.txt,,,PEER NGA-West2 ground motion database,User-provided PEER download; follow PEER terms of use.,True,Imported from MLEarthquakeRecords.zip; PEER result_id=73; horizontal_component=1; vertical_file=RSN6893_DARFIELD_DFHSUP.AT2
RSN6893_DARFIELD_DFHSS73W,PEER,NGA-West2,Darfield_ New Zealand,2010,DFHS,RSN6893,DFHSS73W,,,7.0,strike slip,11.86,11.86,,344.02,D,0.005,30000,149.995,g,in/sec^2,0.5125887,29.74842,2.8,21.3,1.0,raw/RSN6893_DARFIELD_DFHSS73W.AT2,processed/RSN6893_DARFIELD_DFHSS73W_in_per_sec2.txt,,,PEER NGA-West2 ground motion database,User-provided PEER download; follow PEER terms of use.,True,Imported from MLEarthquakeRecords.zip; PEER result_id=73; horizontal_component=2; vertical_file=RSN6893_DARFIELD_DFHSUP.AT2
RSN6896_DARFIELD_DORCN20W,PEER,NGA-West2,Darfield_ New Zealand,2010,DORC,RSN6896,DORCN20W,,,7.0,strike slip,32.91,29.96,,280.26,D,0.005,12390,61.945,g,in/sec^2,0.08280017,10.41171,0.2,27.9,1.0,raw/RSN6896_DARFIELD_DORCN20W.AT2,processed/RSN6896_DARFIELD_DORCN20W_in_per_sec2.txt,,,PEER NGA-West2 ground motion database,User-provided PEER download; follow PEER terms of use.,True,Imported from MLEarthquakeRecords.zip; PEER result_id=74; horizontal_component=1; vertical_file=RSN6896_DARFIELD_DORCUP.AT2
RSN6896_DARFIELD_DORCN70E,PEER,NGA-West2,Darfield_ New Zealand,2010,DORC,RSN6896,DORCN70E,,,7.0,strike slip,32.91,29.96,,280.26,D,0.005,12390,61.945,g,in/sec^2,0.0863422,11.91008,0.2,27.9,1.0,raw/RSN6896_DARFIELD_DORCN70E.AT2,processed/RSN6896_DARFIELD_DORCN70E_in_per_sec2.txt,,,PEER NGA-West2 ground motion database,User-provided PEER download; follow PEER terms of use.,True,Imported from MLEarthquakeRecords.zip; PEER result_id=74; horizontal_component=2; vertical_file=RSN6896_DARFIELD_DORCUP.AT2
RSN6923_DARFIELD_KPOCN15E,PEER,NGA-West2,Darfield_ New Zealand,2010,Kaiapoi North School ,RSN6923,KPOCN15E,,,7.0,strike slip,30.53,30.53,,255.0,D,0.005,14746,73.72500000000001,g,in/sec^2,0.359651,40.13554,1.6,20.1,1.0,raw/RSN6923_DARFIELD_KPOCN15E.AT2,processed/RSN6923_DARFIELD_KPOCN15E_in_per_sec2.txt,,,PEER NGA-West2 ground motion database,User-provided PEER download; follow PEER terms of use.,True,Imported from MLEarthquakeRecords.zip; PEER result_id=75; horizontal_component=1; vertical_file=RSN6923_DARFIELD_KPOCUP.AT2
RSN6923_DARFIELD_KPOCS75E,PEER,NGA-West2,Darfield_ New Zealand,2010,Kaiapoi North School ,RSN6923,KPOCS75E,,,7.0,strike slip,30.53,30.53,,255.0,D,0.005,14746,73.72500000000001,g,in/sec^2,0.3014593,32.72142,1.6,20.1,1.0,raw/RSN6923_DARFIELD_KPOCS75E.AT2,processed/RSN6923_DARFIELD_KPOCS75E_in_per_sec2.txt,,,PEER NGA-West2 ground motion database,User-provided PEER download; follow PEER terms of use.,True,Imported from MLEarthquakeRecords.zip; PEER result_id=75; horizontal_component=2; vertical_file=RSN6923_DARFIELD_KPOCUP.AT2
RSN6933_DARFIELD_MAYCN14E,PEER,NGA-West2,Darfield_ New Zealand,2010,MAYC,RSN6933,MAYCN14E,,,7.0,strike slip,35.23,33.54,,342.7,D,0.005,10850,54.245000000000005,g,in/sec^2,0.06775048,5.340858,0.1,25.5,1.0,raw/RSN6933_DARFIELD_MAYCN14E.AT2,processed/RSN6933_DARFIELD_MAYCN14E_in_per_sec2.txt,,,PEER NGA-West2 ground motion database,User-provided PEER download; follow PEER terms of use.,True,Imported from MLEarthquakeRecords.zip; PEER result_id=76; horizontal_component=1; vertical_file=RSN6933_DARFIELD_MAYCUP.AT2
RSN6933_DARFIELD_MAYCN76W,PEER,NGA-West2,Darfield_ New Zealand,2010,MAYC,RSN6933,MAYCN76W,,,7.0,strike slip,35.23,33.54,,342.7,D,0.005,10850,54.245000000000005,g,in/sec^2,0.06200487,8.363994,0.1,25.5,1.0,raw/RSN6933_DARFIELD_MAYCN76W.AT2,processed/RSN6933_DARFIELD_MAYCN76W_in_per_sec2.txt,,,PEER NGA-West2 ground motion database,User-provided PEER download; follow PEER terms of use.,True,Imported from MLEarthquakeRecords.zip; PEER result_id=76; horizontal_component=2; vertical_file=RSN6933_DARFIELD_MAYCUP.AT2
RSN6952_DARFIELD_PPHSS33W,PEER,NGA-West2,Darfield_ New Zealand,2010,Papanui High School ,RSN6952,PPHSS33W,,,7.0,strike slip,18.73,18.73,,263.2,D,0.005,30000,149.995,g,in/sec^2,0.2109005,51.25098,1.3,37.0,1.0,raw/RSN6952_DARFIELD_PPHSS33W.AT2,processed/RSN6952_DARFIELD_PPHSS33W_in_per_sec2.txt,,,PEER NGA-West2 ground motion database,User-provided PEER download; follow PEER terms of use.,True,Imported from MLEarthquakeRecords.zip; PEER result_id=77; horizontal_component=1; vertical_file=RSN6952_DARFIELD_PPHSUP.AT2
RSN6952_DARFIELD_PPHSS57E,PEER,NGA-West2,Darfield_ New Zealand,2010,Papanui High School ,RSN6952,PPHSS57E,,,7.0,strike slip,18.73,18.73,,263.2,D,0.005,30000,149.995,g,in/sec^2,0.1822741,78.00552,1.3,37.0,1.0,raw/RSN6952_DARFIELD_PPHSS57E.AT2,processed/RSN6952_DARFIELD_PPHSS57E_in_per_sec2.txt,,,PEER NGA-West2 ground motion database,User-provided PEER download; follow PEER terms of use.,True,Imported from MLEarthquakeRecords.zip; PEER result_id=77; horizontal_component=2; vertical_file=RSN6952_DARFIELD_PPHSUP.AT2
RSN6960_DARFIELD_RHSCN86W,PEER,NGA-West2,Darfield_ New Zealand,2010,Riccarton High School ,RSN6960,RHSCN86W,,,7.0,strike slip,13.64,13.64,,293.0,D,0.005,27370,136.845,g,in/sec^2,0.1900593,30.52681,1.2,24.6,1.0,raw/RSN6960_DARFIELD_RHSCN86W.AT2,processed/RSN6960_DARFIELD_RHSCN86W_in_per_sec2.txt,,,PEER NGA-West2 ground motion database,User-provided PEER download; follow PEER terms of use.,True,Imported from MLEarthquakeRecords.zip; PEER result_id=78; horizontal_component=1; vertical_file=RSN6960_DARFIELD_RHSCUP.AT2
RSN6960_DARFIELD_RHSCS04W,PEER,NGA-West2,Darfield_ New Zealand,2010,Riccarton High School ,RSN6960,RHSCS04W,,,7.0,strike slip,13.64,13.64,,293.0,D,0.005,27370,136.845,g,in/sec^2,0.2335885,62.68972,1.2,24.6,1.0,raw/RSN6960_DARFIELD_RHSCS04W.AT2,processed/RSN6960_DARFIELD_RHSCS04W_in_per_sec2.txt,,,PEER NGA-West2 ground motion database,User-provided PEER download; follow PEER terms of use.,True,Imported from MLEarthquakeRecords.zip; PEER result_id=78; horizontal_component=2; vertical_file=RSN6960_DARFIELD_RHSCUP.AT2
RSN6961_DARFIELD_RKACN14E,PEER,NGA-West2,Darfield_ New Zealand,2010,RKAC,RSN6961,RKACN14E,,,7.0,strike slip,16.47,13.37,,295.74,D,0.005,13018,65.08500000000001,g,in/sec^2,0.1667085,10.56215,0.5,20.3,1.0,raw/RSN6961_DARFIELD_RKACN14E.AT2,processed/RSN6961_DARFIELD_RKACN14E_in_per_sec2.txt,,,PEER NGA-West2 ground motion database,User-provided PEER download; follow PEER terms of use.,True,Imported from MLEarthquakeRecords.zip; PEER result_id=79; horizontal_component=1; vertical_file=RSN6961_DARFIELD_RKACUP.AT2
RSN6961_DARFIELD_RKACS76E,PEER,NGA-West2,Darfield_ New Zealand,2010,RKAC,RSN6961,RKACS76E,,,7.0,strike slip,16.47,13.37,,295.74,D,0.005,13018,65.08500000000001,g,in/sec^2,0.1912315,17.87458,0.5,20.3,1.0,raw/RSN6961_DARFIELD_RKACS76E.AT2,processed/RSN6961_DARFIELD_RKACS76E_in_per_sec2.txt,,,PEER NGA-West2 ground motion database,User-provided PEER download; follow PEER terms of use.,True,Imported from MLEarthquakeRecords.zip; PEER result_id=79; horizontal_component=2; vertical_file=RSN6961_DARFIELD_RKACUP.AT2
RSN6965_DARFIELD_SBRCS31E,PEER,NGA-West2,Darfield_ New Zealand,2010,SBRC,RSN6965,SBRCS31E,,,7.0,strike slip,24.34,21.31,,263.2,D,0.005,12756,63.775,g,in/sec^2,0.1488792,20.28031,0.7,20.3,1.0,raw/RSN6965_DARFIELD_SBRCS31E.AT2,processed/RSN6965_DARFIELD_SBRCS31E_in_per_sec2.txt,,,PEER NGA-West2 ground motion database,User-provided PEER download; follow PEER terms of use.,True,Imported from MLEarthquakeRecords.zip; PEER result_id=80; horizontal_component=1; vertical_file=RSN6965_DARFIELD_SBRCUP.AT2
RSN6965_DARFIELD_SBRCS59W,PEER,NGA-West2,Darfield_ New Zealand,2010,SBRC,RSN6965,SBRCS59W,,,7.0,strike slip,24.34,21.31,,263.2,D,0.005,12756,63.775,g,in/sec^2,0.1532672,27.45657,0.7,20.3,1.0,raw/RSN6965_DARFIELD_SBRCS59W.AT2,processed/RSN6965_DARFIELD_SBRCS59W_in_per_sec2.txt,,,PEER NGA-West2 ground motion database,User-provided PEER download; follow PEER terms of use.,True,Imported from MLEarthquakeRecords.zip; PEER result_id=80; horizontal_component=2; vertical_file=RSN6965_DARFIELD_SBRCUP.AT2
RSN6971_DARFIELD_SPFSN17E,PEER,NGA-West2,Darfield_ New Zealand,2010,SPFS,RSN6971,SPFSN17E,,,7.0,strike slip,29.86,29.86,,389.54,C,0.005,28000,139.995,g,in/sec^2,0.1601812,20.47464,1.0,22.7,1.0,raw/RSN6971_DARFIELD_SPFSN17E.AT2,processed/RSN6971_DARFIELD_SPFSN17E_in_per_sec2.txt,,,PEER NGA-West2 ground motion database,User-provided PEER download; follow PEER terms of use.,True,Imported from MLEarthquakeRecords.zip; PEER result_id=81; horizontal_component=1; vertical_file=RSN6971_DARFIELD_SPFSUP.AT2
RSN6971_DARFIELD_SPFSN73W,PEER,NGA-West2,Darfield_ New Zealand,2010,SPFS,RSN6971,SPFSN73W,,,7.0,strike slip,29.86,29.86,,389.54,C,0.005,28000,139.995,g,in/sec^2,0.1600669,21.56373,1.0,22.7,1.0,raw/RSN6971_DARFIELD_SPFSN73W.AT2,processed/RSN6971_DARFIELD_SPFSN73W_in_per_sec2.txt,,,PEER NGA-West2 ground motion database,User-provided PEER download; follow PEER terms of use.,True,Imported from MLEarthquakeRecords.zip; PEER result_id=81; horizontal_component=2; vertical_file=RSN6971_DARFIELD_SPFSUP.AT2
RSN6988_DARFIELD_WSFCN38W,PEER,NGA-West2,Darfield_ New Zealand,2010,WSFC,RSN6988,WSFCN38W,,,7.0,strike slip,26.93,24.36,,344.02,D,0.005,11172,55.855000000000004,g,in/sec^2,0.06653839,8.631049,0.1,26.2,1.0,raw/RSN6988_DARFIELD_WSFCN38W.AT2,processed/RSN6988_DARFIELD_WSFCN38W_in_per_sec2.txt,,,PEER NGA-West2 ground motion database,User-provided PEER download; follow PEER terms of use.,True,Imported from MLEarthquakeRecords.zip; PEER result_id=82; horizontal_component=1; vertical_file=RSN6988_DARFIELD_WSFCUP.AT2
RSN6988_DARFIELD_WSFCS52W,PEER,NGA-West2,Darfield_ New Zealand,2010,WSFC,RSN6988,WSFCS52W,,,7.0,strike slip,26.93,24.36,,344.02,D,0.005,11172,55.855000000000004,g,in/sec^2,0.0694656,8.564244,0.1,26.2,1.0,raw/RSN6988_DARFIELD_WSFCS52W.AT2,processed/RSN6988_DARFIELD_WSFCS52W_in_per_sec2.txt,,,PEER NGA-West2 ground motion database,User-provided PEER download; follow PEER terms of use.,True,Imported from MLEarthquakeRecords.zip; PEER result_id=82; horizontal_component=2; vertical_file=RSN6988_DARFIELD_WSFCUP.AT2
